-- MySQL dump 10.13  Distrib 5.7.21, for Linux (x86_64)
--
-- Host: localhost    Database: eval_db
-- ------------------------------------------------------
-- Server version	5.7.21-0ubuntu0.17.10.1

/*!40101 SET @OLD_CHARACTER_SET_CLIENT=@@CHARACTER_SET_CLIENT */;
/*!40101 SET @OLD_CHARACTER_SET_RESULTS=@@CHARACTER_SET_RESULTS */;
/*!40101 SET @OLD_COLLATION_CONNECTION=@@COLLATION_CONNECTION */;
/*!40101 SET NAMES utf8 */;
/*!40103 SET @OLD_TIME_ZONE=@@TIME_ZONE */;
/*!40103 SET TIME_ZONE='+00:00' */;
/*!40014 SET @OLD_UNIQUE_CHECKS=@@UNIQUE_CHECKS, UNIQUE_CHECKS=0 */;
/*!40014 SET @OLD_FOREIGN_KEY_CHECKS=@@FOREIGN_KEY_CHECKS, FOREIGN_KEY_CHECKS=0 */;
/*!40101 SET @OLD_SQL_MODE=@@SQL_MODE, SQL_MODE='NO_AUTO_VALUE_ON_ZERO' */;
/*!40111 SET @OLD_SQL_NOTES=@@SQL_NOTES, SQL_NOTES=0 */;

--
-- Table structure for table `Course`
--

DROP TABLE IF EXISTS `Course`;
/*!40101 SET @saved_cs_client     = @@character_set_client */;
/*!40101 SET character_set_client = utf8 */;
CREATE TABLE `Course` (
  `Course_Id` int(11) NOT NULL AUTO_INCREMENT,
  `Course_Name` varchar(30) NOT NULL,
  `Course_Description` varchar(30) NOT NULL,
  `Course_Image` varchar(50) NOT NULL DEFAULT '../Images/DefaultCourse.jpg',
  `Department_Id` int(11) NOT NULL,
  `Entry_Grade` tinyint(4) NOT NULL,
  `Exit_Grade` tinyint(4) NOT NULL,
  `Credit` tinyint(4) NOT NULL,
  PRIMARY KEY (`Course_Id`),
  KEY `Department_Id` (`Department_Id`),
  CONSTRAINT `Course_ibfk_1` FOREIGN KEY (`Department_Id`) REFERENCES `Department` (`Department_Id`)
) ENGINE=InnoDB AUTO_INCREMENT=236 DEFAULT CHARSET=latin1;
/*!40101 SET character_set_client = @saved_cs_client */;

--
-- Dumping data for table `Course`
--

LOCK TABLES `Course` WRITE;
/*!40000 ALTER TABLE `Course` DISABLE KEYS */;
INSERT INTO `Course` VALUES (1,'Introduction to Business','none','../Images/DefaultCourse.jpg',12,9,10,1),(2,'Accounting 1 (Sem 1)','none','../Images/DefaultCourse.jpg',12,10,12,1),(3,'Accounting 1 (Sem 2)','none','../Images/DefaultCourse.jpg',12,10,12,1),(4,'Accounting 2 (Sem 1)','none','../Images/DefaultCourse.jpg',12,11,12,1),(5,'Accounting 2 (Sem 2)','none','../Images/DefaultCourse.jpg',12,11,12,1),(6,'Honors Accounting 3 (Sem 1)','none','../Images/DefaultCourse.jpg',12,12,12,1),(7,'Honors Accounting 3 (Sem 2)','none','../Images/DefaultCourse.jpg',12,12,12,1),(8,'Branding & Design Concepts','none','../Images/DefaultCourse.jpg',12,9,12,1),(9,'Business Management','none','../Images/DefaultCourse.jpg',12,11,12,1),(10,'Digital Animation','none','../Images/DefaultCourse.jpg',12,10,12,1),(11,'AP Computer Science (Sem 1)','none','../Images/DefaultCourse.jpg',12,11,12,1),(12,'AP Computer Science (Sem 2)','none','../Images/DefaultCourse.jpg',12,11,12,1),(13,'Marketing 1 (Sem 1)','none','../Images/DefaultCourse.jpg',12,10,12,1),(14,'Marketing 1 (Sem 2)','none','../Images/DefaultCourse.jpg',12,10,12,1),(15,'Marketing 2 (Sem 1)','none','../Images/DefaultCourse.jpg',12,11,12,1),(16,'Marketing 2 (Sem 2)','none','../Images/DefaultCourse.jpg',12,11,12,1),(17,'Microsoft Office','none','../Images/DefaultCourse.jpg',12,10,12,1),(18,'Multimedia','none','../Images/DefaultCourse.jpg',12,10,12,1),(19,'Personal Finance','none','../Images/DefaultCourse.jpg',12,10,12,1),(20,'Web Design 1','none','../Images/DefaultCourse.jpg',12,10,12,1),(21,'Web Design 2','none','../Images/DefaultCourse.jpg',12,10,12,1),(22,'Algebra 1 (Sem 1)','none','../Images/DefaultCourse.jpg',2,9,10,1),(23,'Algebra 1 (Sem 2)','none','../Images/DefaultCourse.jpg',2,9,10,1),(24,'Algebra 1 Lab (Sem 1)','none','../Images/DefaultCourse.jpg',2,9,12,1),(25,'Algebra 1 Lab (Sem 2)','none','../Images/DefaultCourse.jpg',2,9,12,1),(26,'Geometry B (Sem 1)','none','../Images/DefaultCourse.jpg',2,10,12,1),(27,'Geometry B (Sem 2)','none','../Images/DefaultCourse.jpg',2,10,12,1),(28,'Geometry A (Sem 1)','none','../Images/DefaultCourse.jpg',2,9,12,1),(29,'Geometry A (Sem 2)','none','../Images/DefaultCourse.jpg',2,9,12,1),(30,'Honors Geometry (Sem 1)','none','../Images/DefaultCourse.jpg',2,9,10,1),(31,'Honors Geometry (Sem 2)','none','../Images/DefaultCourse.jpg',2,9,10,1),(32,'Algebra 2 (Sem 1)','none','../Images/DefaultCourse.jpg',2,11,12,1),(33,'Algebra 2 (Sem 2)','none','../Images/DefaultCourse.jpg',2,11,12,1),(34,'Trigonometry','none','../Images/DefaultCourse.jpg',2,11,12,1),(35,'Statistics','none','../Images/DefaultCourse.jpg',2,11,12,1),(36,'Finite Mathematics (Sem 1)','none','../Images/DefaultCourse.jpg',2,12,12,1),(37,'Finite Mathematics (Sem 2)','none','../Images/DefaultCourse.jpg',2,12,12,1),(38,'College Algebra (Sem 1)','none','../Images/DefaultCourse.jpg',2,11,12,1),(39,'College Algebra (Sem 2)','none','../Images/DefaultCourse.jpg',2,11,12,1),(40,'Pre-Calculus (Sem 1)','none','../Images/DefaultCourse.jpg',2,11,12,1),(41,'Pre-Calculus (Sem 2)','none','../Images/DefaultCourse.jpg',2,11,12,1),(42,'Honors Pre-Calculus (Sem 1)','none','../Images/DefaultCourse.jpg',2,11,12,1),(43,'Honors Pre-Calculus (Sem 2)','none','../Images/DefaultCourse.jpg',2,11,12,1),(44,'AP Statistics (Sem 1)','none','../Images/DefaultCourse.jpg',2,11,12,1),(45,'AP Statistics (Sem 2)','none','../Images/DefaultCourse.jpg',2,11,12,1),(46,'AP Calculus AB (Sem 1)','none','../Images/DefaultCourse.jpg',2,12,12,1),(47,'AP Calculus AB (Sem 2)','none','../Images/DefaultCourse.jpg',2,12,12,1),(48,'AP Calculus BC (Sem 1)','none','../Images/DefaultCourse.jpg',2,12,12,1),(49,'AP Calculus BC (Sem 2)','none','../Images/DefaultCourse.jpg',2,12,12,1),(50,'English 1 (Sem 1)','none','../Images/DefaultCourse.jpg',3,9,9,1),(51,'English 1 (Sem 2)','none','../Images/DefaultCourse.jpg',3,9,9,1),(52,'Honors English 1 (Sem 1)','none','../Images/DefaultCourse.jpg',3,9,9,1),(53,'Honors English 1 (Sem 2)','none','../Images/DefaultCourse.jpg',3,9,9,1),(54,'English 2 (Sem 1)','none','../Images/DefaultCourse.jpg',3,10,10,1),(55,'English 2 (Sem 2)','none','../Images/DefaultCourse.jpg',3,10,10,1),(56,'Honors English 2 (Sem 1)','none','../Images/DefaultCourse.jpg',3,10,10,1),(57,'Honors English 2 (Sem 2)','none','../Images/DefaultCourse.jpg',3,10,10,1),(58,'English 3 (Sem 1)','none','../Images/DefaultCourse.jpg',3,11,11,1),(59,'English 3 (Sem 2)','none','../Images/DefaultCourse.jpg',3,11,11,1),(60,'Composition','none','../Images/DefaultCourse.jpg',3,12,12,1),(61,'Fundamentals of Composition','none','../Images/DefaultCourse.jpg',3,12,12,1),(62,'English Literature','none','../Images/DefaultCourse.jpg',3,12,12,1),(63,'Contemporary World Literature','none','../Images/DefaultCourse.jpg',3,12,12,1),(64,'Creative Writing 1','none','../Images/DefaultCourse.jpg',3,11,12,1),(65,'Advanced Creative Writing','none','../Images/DefaultCourse.jpg',3,11,12,1),(66,'Beginning Journalism','none','../Images/DefaultCourse.jpg',3,9,11,1),(67,'Journalism 1 (Sem 1)','none','../Images/DefaultCourse.jpg',3,10,12,1),(68,'Newspaper 1 (Sem 2)','none','../Images/DefaultCourse.jpg',3,10,12,1),(69,'Newspaper 2 (Sem 1)','none','../Images/DefaultCourse.jpg',3,10,12,1),(70,'Newspaper 2 (Sem 2)','none','../Images/DefaultCourse.jpg',3,10,12,1),(71,'Newspaper 3 (Sem 1)','none','../Images/DefaultCourse.jpg',3,11,12,1),(72,'Newspaper 3 (Sem 2)','none','../Images/DefaultCourse.jpg',3,11,12,1),(73,'Newspaper 4 (Sem 1)','none','../Images/DefaultCourse.jpg',3,12,12,1),(74,'Newspaper 4 (Sem 2)','none','../Images/DefaultCourse.jpg',3,12,12,1),(75,'Yearbook 1 (Sem 1)','none','../Images/DefaultCourse.jpg',3,10,12,1),(76,'Yearbook 1 (Sem 2)','none','../Images/DefaultCourse.jpg',3,10,12,1),(77,'Yearbook 2 (Sem 1)','none','../Images/DefaultCourse.jpg',3,10,12,1),(78,'Yearbook 2 (Sem 2)','none','../Images/DefaultCourse.jpg',3,10,12,1),(79,'Yearbook 3 (Sem 1)','none','../Images/DefaultCourse.jpg',3,11,12,1),(80,'Yearbook 3 (Sem 2)','none','../Images/DefaultCourse.jpg',3,11,12,1),(81,'Yearbook 4 (Sem 1)','none','../Images/DefaultCourse.jpg',3,12,12,1),(82,'Yearbook 4 (Sem 2)','none','../Images/DefaultCourse.jpg',3,12,12,1),(83,'Advanced Broadcasting','none','../Images/DefaultCourse.jpg',3,9,12,1),(84,'Biology 1: Cells and Variation','none','../Images/DefaultCourse.jpg',4,9,9,1),(85,'Biology 2: Evolution & Ecology','none','../Images/DefaultCourse.jpg',4,9,9,1),(86,'Zoology','none','../Images/DefaultCourse.jpg',4,10,12,1),(87,'Astronomy & Space Science','none','../Images/DefaultCourse.jpg',4,10,12,1),(88,'Forensics Science - C','none','../Images/DefaultCourse.jpg',4,10,12,1),(89,'Chemistry (Sem 1)','none','../Images/DefaultCourse.jpg',4,10,12,1),(90,'Chemistry (Sem 2)','none','../Images/DefaultCourse.jpg',4,10,12,1),(91,'Honors Chemistry (Sem 1)','none','../Images/DefaultCourse.jpg',4,10,12,1),(92,'Honors Chemistry (Sem 2)','none','../Images/DefaultCourse.jpg',4,10,12,1),(93,'Physics (Sem 1)','none','../Images/DefaultCourse.jpg',4,10,12,1),(94,'Physics (Sem 2)','none','../Images/DefaultCourse.jpg',4,10,12,1),(95,'AP Physics (Sem 1)','none','../Images/DefaultCourse.jpg',4,10,12,1),(96,'AP Physics (Sem 2)','none','../Images/DefaultCourse.jpg',4,10,12,1),(97,'AP Biology (Sem 1)','none','../Images/DefaultCourse.jpg',4,11,12,1),(98,'AP Biology (Sem 2)','none','../Images/DefaultCourse.jpg',4,11,12,1),(99,'AP Chemistry (Sem 1)','none','../Images/DefaultCourse.jpg',4,11,12,1),(100,'AP Chemistry (Sem 2)','none','../Images/DefaultCourse.jpg',4,11,12,1),(101,'AP Physics C: Mechanics','none','../Images/DefaultCourse.jpg',4,11,12,1),(102,'AP Physics 2 (Sem 1)','none','../Images/DefaultCourse.jpg',4,10,12,1),(103,'AP Physics 2 (Sem 2)','none','../Images/DefaultCourse.jpg',4,10,12,1),(104,'General Music - Piano','none','../Images/DefaultCourse.jpg',5,9,12,1),(105,'General Music - Piano 2','none','../Images/DefaultCourse.jpg',5,9,12,1),(106,'General Music - Guitar ','none','../Images/DefaultCourse.jpg',5,9,12,1),(107,'General Music - Guitar 2','none','../Images/DefaultCourse.jpg',5,9,12,1),(108,'AP Music Theory (Sem 1)','none','../Images/DefaultCourse.jpg',5,10,12,1),(109,'AP Music Theory (Sem 2)','none','../Images/DefaultCourse.jpg',5,10,12,1),(110,'Band - Concert Band (Sem 1)','none','../Images/DefaultCourse.jpg',5,9,12,1),(111,'Band - Concert Band (Sem 2)','none','../Images/DefaultCourse.jpg',5,9,12,1),(112,'Band - Jazz Lab (Sem 1)','none','../Images/DefaultCourse.jpg',5,9,12,1),(113,'Band - Jazz Lab (Sem 2)','none','../Images/DefaultCourse.jpg',5,9,12,1),(114,'Band - Symphonic Band (Sem 1)','none','../Images/DefaultCourse.jpg',5,9,12,1),(115,'Band - Symphonic Band (Sem 2)','none','../Images/DefaultCourse.jpg',5,9,12,1),(116,'Vocal - Chorus (Sem 1)','none','../Images/DefaultCourse.jpg',5,9,12,1),(117,'Vocal - Chorus (Sem 2)','none','../Images/DefaultCourse.jpg',5,9,12,1),(118,'Vocal - Chamber Choir (Sem 1)','none','../Images/DefaultCourse.jpg',5,10,10,1),(119,'Vocal - Chamber Choir (Sem 2)','none','../Images/DefaultCourse.jpg',5,10,10,1),(120,'Public Speaking','none','../Images/DefaultCourse.jpg',5,9,12,1),(121,'Theatre Arts','none','../Images/DefaultCourse.jpg',5,9,12,1),(122,'Improvisational Theatre','none','../Images/DefaultCourse.jpg',5,9,12,1),(123,'Actors\' Studio l','none','../Images/DefaultCourse.jpg',5,10,12,1),(124,'Actors\' Studio 2','none','../Images/DefaultCourse.jpg',5,11,12,1),(125,'Technical Theatre','none','../Images/DefaultCourse.jpg',5,9,12,1),(126,'Directing','none','../Images/DefaultCourse.jpg',5,12,12,1),(127,'Studies in Musical Theatre','none','../Images/DefaultCourse.jpg',5,9,12,1),(128,'Shakespeare Alive!','none','../Images/DefaultCourse.jpg',5,10,12,1),(129,'Design Arts','none','../Images/DefaultCourse.jpg',5,9,12,1),(130,'Design Arts 2','none','../Images/DefaultCourse.jpg',5,9,12,1),(131,'Drawing','none','../Images/DefaultCourse.jpg',5,9,12,1),(132,'Advanced Drawing Strategies','none','../Images/DefaultCourse.jpg',5,9,12,1),(133,'Ceramics','none','../Images/DefaultCourse.jpg',5,9,12,1),(134,'Ceramics 2','none','../Images/DefaultCourse.jpg',5,9,12,1),(135,'Sculpture','none','../Images/DefaultCourse.jpg',5,9,12,1),(136,'Advanced 3-D Studies','none','../Images/DefaultCourse.jpg',5,10,12,1),(137,'Photography','none','../Images/DefaultCourse.jpg',5,9,12,1),(138,'Photography 2','none','../Images/DefaultCourse.jpg',5,10,12,1),(139,'Photography 3','none','../Images/DefaultCourse.jpg',5,10,12,1),(140,'Painting','none','../Images/DefaultCourse.jpg',5,9,12,1),(141,'Painting 2','none','../Images/DefaultCourse.jpg',5,10,12,1),(142,'Digital Design','none','../Images/DefaultCourse.jpg',5,9,12,1),(143,'Digital Design 2','none','../Images/DefaultCourse.jpg',5,10,12,1),(144,'AP Studio Art (Sem 1)','none','../Images/DefaultCourse.jpg',5,11,12,1),(145,'AP Studio Art (Sem 2)','none','../Images/DefaultCourse.jpg',5,11,12,1),(146,'Let’s Create Together','none','../Images/DefaultCourse.jpg',5,9,12,1),(147,'Visual Arts Mentor','none','../Images/DefaultCourse.jpg',5,11,12,1),(148,'Career Management','none','../Images/DefaultCourse.jpg',6,9,12,1),(149,'Child Development 1','none','../Images/DefaultCourse.jpg',6,9,12,1),(150,'Child Development 2','none','../Images/DefaultCourse.jpg',6,9,12,1),(151,'Clothing 1','none','../Images/DefaultCourse.jpg',6,9,12,1),(152,'Clothing 2','none','../Images/DefaultCourse.jpg',6,9,12,1),(153,'Culinary Mentor','none','../Images/DefaultCourse.jpg',6,11,12,1),(154,'Fashion Merchandising','none','../Images/DefaultCourse.jpg',6,9,12,1),(155,'Housing and Interior Design','none','../Images/DefaultCourse.jpg',6,9,12,1),(156,'Human Relations','none','../Images/DefaultCourse.jpg',6,9,12,1),(157,'International Cuisine','none','../Images/DefaultCourse.jpg',6,11,12,1),(158,'Let\'s Cook Together','none','../Images/DefaultCourse.jpg',6,9,12,1),(159,'ProStart 1','none','../Images/DefaultCourse.jpg',6,10,12,1),(160,'ProStart 2','none','../Images/DefaultCourse.jpg',6,10,12,1),(161,'ProStart 3 (Sem 1)','none','../Images/DefaultCourse.jpg',6,10,12,1),(162,'ProStart 3 (Sem 2)','none','../Images/DefaultCourse.jpg',6,10,12,1),(163,'Textile Designs','none','../Images/DefaultCourse.jpg',6,9,12,1),(164,'French 1 (Sem 1)','none','../Images/DefaultCourse.jpg',7,9,12,1),(165,'French 1 (Sem 2)','none','../Images/DefaultCourse.jpg',7,9,12,1),(166,'French 2 (Sem 1)','none','../Images/DefaultCourse.jpg',7,9,12,1),(167,'French 2 (Sem 2)','none','../Images/DefaultCourse.jpg',7,9,12,1),(168,'French 3 (Sem 1)','none','../Images/DefaultCourse.jpg',7,10,12,1),(169,'French 3 (Sem 2)','none','../Images/DefaultCourse.jpg',7,10,12,1),(170,'French 4 (Sem 1)','none','../Images/DefaultCourse.jpg',7,11,12,1),(171,'French 4 (Sem 2)','none','../Images/DefaultCourse.jpg',7,11,12,1),(172,'Honors French 5 (Sem 1)','none','../Images/DefaultCourse.jpg',7,12,12,1),(173,'Honors French 5 (Sem 2)','none','../Images/DefaultCourse.jpg',7,12,12,1),(174,'German 1 (Sem 1)','none','../Images/DefaultCourse.jpg',7,9,12,1),(175,'German 1 (Sem 2)','none','../Images/DefaultCourse.jpg',7,9,12,1),(176,'German 2 (Sem 1)','none','../Images/DefaultCourse.jpg',7,9,12,1),(177,'German 2 (Sem 2)','none','../Images/DefaultCourse.jpg',7,9,12,1),(178,'German 3 (Sem 1)','none','../Images/DefaultCourse.jpg',7,10,12,1),(179,'German 3 (Sem 2)','none','../Images/DefaultCourse.jpg',7,10,12,1),(180,'German 4 (Sem 1)','none','../Images/DefaultCourse.jpg',7,11,12,1),(181,'German 4 (Sem 2)','none','../Images/DefaultCourse.jpg',7,11,12,1),(182,'Honors German 5 (Sem 1)','none','../Images/DefaultCourse.jpg',7,12,12,1),(183,'Honors German 5 (Sem 2)','none','../Images/DefaultCourse.jpg',7,12,12,1),(184,'Latin 1 (Sem 1)','none','../Images/DefaultCourse.jpg',7,9,12,1),(185,'Latin 1 (Sem 2)','none','../Images/DefaultCourse.jpg',7,9,12,1),(186,'Latin 2 (Sem 1)','none','../Images/DefaultCourse.jpg',7,9,12,1),(187,'Latin 2 (Sem 2)','none','../Images/DefaultCourse.jpg',7,9,12,1),(188,'Latin 3 (Sem 1)','none','../Images/DefaultCourse.jpg',7,10,12,1),(189,'Latin 3 (Sem 2)','none','../Images/DefaultCourse.jpg',7,10,12,1),(190,'Latin 4 (Sem 1)','none','../Images/DefaultCourse.jpg',7,11,12,1),(191,'Latin 4 (Sem 2)','none','../Images/DefaultCourse.jpg',7,11,12,1),(192,'Honors Latin 5 (Sem 1)','none','../Images/DefaultCourse.jpg',7,12,12,1),(193,'Honors Latin 5 (Sem 2)','none','../Images/DefaultCourse.jpg',7,12,12,1),(194,'Spanish 1 (Sem 1)','none','../Images/DefaultCourse.jpg',7,9,12,1),(195,'Spanish 1 (Sem 2)','none','../Images/DefaultCourse.jpg',7,9,12,1),(196,'Spanish 2 (Sem 1)','none','../Images/DefaultCourse.jpg',7,9,12,1),(197,'Spanish 2 (Sem 2)','none','../Images/DefaultCourse.jpg',7,9,12,1),(198,'Spanish 3 (Sem 1)','none','../Images/DefaultCourse.jpg',7,10,12,1),(199,'Spanish 3 (Sem 2)','none','../Images/DefaultCourse.jpg',7,10,12,1),(200,'Spanish 4 (Sem 1)','none','../Images/DefaultCourse.jpg',7,11,12,1),(201,'Spanish 4 (Sem 2)','none','../Images/DefaultCourse.jpg',7,11,12,1),(202,'Honors Spanish 5 (Sem 1)','none','../Images/DefaultCourse.jpg',7,12,12,1),(203,'Honors Spanish 5 (Sem 2)','none','../Images/DefaultCourse.jpg',7,12,12,1),(204,'AP World History (Sem 1)','none','../Images/DefaultCourse.jpg',8,10,12,1),(205,'AP World History (Sem 2)','none','../Images/DefaultCourse.jpg',8,10,12,1),(206,'United States Government','none','../Images/DefaultCourse.jpg',8,11,12,1),(207,'History of St. Louis','none','../Images/DefaultCourse.jpg',8,11,12,1),(208,'Media in America ','none','../Images/DefaultCourse.jpg',8,11,12,1),(209,'Crime and Law','none','../Images/DefaultCourse.jpg',8,11,12,1),(210,'Contemporary Issues','none','../Images/DefaultCourse.jpg',8,11,12,1),(211,'Philosophy and Ethics','none','../Images/DefaultCourse.jpg',8,11,12,1),(212,'Economics','none','../Images/DefaultCourse.jpg',8,11,12,1),(213,'Anthropology','none','../Images/DefaultCourse.jpg',8,11,12,1),(214,'Colonial America - Honors','none','../Images/DefaultCourse.jpg',8,11,12,1),(215,'Sociology','none','../Images/DefaultCourse.jpg',8,11,12,1),(216,'Psychology','none','../Images/DefaultCourse.jpg',8,11,12,1),(217,'Social Psychology','none','../Images/DefaultCourse.jpg',8,11,12,1),(218,'AP Human Geography','none','../Images/DefaultCourse.jpg',8,10,12,1),(219,'AP Psychology (Sem 1)','none','../Images/DefaultCourse.jpg',8,11,12,1),(220,'AP Psychology (Sem 2)','none','../Images/DefaultCourse.jpg',8,11,12,1),(221,'Health & Wellness','none','../Images/DefaultCourse.jpg',11,10,10,1),(222,'Physical Fitness Concepts','none','../Images/DefaultCourse.jpg',11,9,10,1),(223,'Competitive Sports and Games','none','../Images/DefaultCourse.jpg',11,10,12,1),(224,'Strength and Conditioning','none','../Images/DefaultCourse.jpg',11,10,12,1),(225,'Adventure Pursuits','none','../Images/DefaultCourse.jpg',11,10,12,1),(226,'Aquatic Experiences / Scuba','none','../Images/DefaultCourse.jpg',11,10,12,1),(227,'Lifeguard Training','none','../Images/DefaultCourse.jpg',11,10,12,1),(228,'Movement 2 Music','none','../Images/DefaultCourse.jpg',11,10,12,1),(229,'Let\'s Move Together','none','../Images/DefaultCourse.jpg',11,9,12,1),(230,'P.E. Mentor','none','../Images/DefaultCourse.jpg',11,11,12,1),(231,'Drafting','none','../Images/DefaultCourse.jpg',12,9,12,1),(232,'Design and Technology','none','../Images/DefaultCourse.jpg',12,9,12,1),(233,'Design and Technology 2','none','../Images/DefaultCourse.jpg',12,9,12,1),(234,'Construction Technology','none','../Images/DefaultCourse.jpg',12,9,12,1),(235,'Robotics Technology 1','none','../Images/DefaultCourse.jpg',12,9,12,1);
/*!40000 ALTER TABLE `Course` ENABLE KEYS */;
UNLOCK TABLES;

--
-- Table structure for table `Department`
--

DROP TABLE IF EXISTS `Department`;
/*!40101 SET @saved_cs_client     = @@character_set_client */;
/*!40101 SET character_set_client = utf8 */;
CREATE TABLE `Department` (
  `Department_Id` int(11) NOT NULL AUTO_INCREMENT,
  `Department_Name` varchar(30) NOT NULL,
  `Department_Description` varchar(300) NOT NULL,
  `Image` varchar(50) NOT NULL DEFAULT '../Images/DefaultDepartment.jpg',
  `School_Id` int(11) NOT NULL,
  PRIMARY KEY (`Department_Id`),
  KEY `School_Id` (`School_Id`),
  CONSTRAINT `Department_ibfk_1` FOREIGN KEY (`School_Id`) REFERENCES `School` (`School_id`)
) ENGINE=InnoDB AUTO_INCREMENT=22 DEFAULT CHARSET=latin1;
/*!40101 SET character_set_client = @saved_cs_client */;

--
-- Dumping data for table `Department`
--

LOCK TABLES `Department` WRITE;
/*!40000 ALTER TABLE `Department` DISABLE KEYS */;
INSERT INTO `Department` VALUES (1,'Administration','run this town','../Images/DefaultDepartment.jpg',2),(2,'Mathematics','','../Images/DefaultDepartment.jpg',2),(3,'English Language Arts','','../Images/DefaultDepartment.jpg',2),(4,'Science','','../Images/DefaultDepartment.jpg',2),(5,'Fine Arts','','../Images/DefaultDepartment.jpg',2),(6,'Family & Consumer Science','','../Images/DefaultDepartment.jpg',2),(7,'Modern & Classical Languages','','../Images/DefaultDepartment.jpg',2),(8,'Social Studies','','../Images/DefaultDepartment.jpg',2),(11,'Physical Education','','../Images/DefaultDepartment.jpg',2),(12,'Business & Technology','','../Images/DefaultDepartment.jpg',2);
/*!40000 ALTER TABLE `Department` ENABLE KEYS */;
UNLOCK TABLES;

--
-- Table structure for table `District`
--

DROP TABLE IF EXISTS `District`;
/*!40101 SET @saved_cs_client     = @@character_set_client */;
/*!40101 SET character_set_client = utf8 */;
CREATE TABLE `District` (
  `District_Id` int(11) NOT NULL AUTO_INCREMENT,
  `District_Name` varchar(30) NOT NULL,
  `District_Description` varchar(300) NOT NULL,
  `Image` varchar(50) NOT NULL DEFAULT '../Images/DefaultDistrict.jpg',
  PRIMARY KEY (`District_Id`)
) ENGINE=InnoDB AUTO_INCREMENT=2 DEFAULT CHARSET=latin1;
/*!40101 SET character_set_client = @saved_cs_client */;

--
-- Dumping data for table `District`
--

LOCK TABLES `District` WRITE;
/*!40000 ALTER TABLE `District` DISABLE KEYS */;
INSERT INTO `District` VALUES (1,'Parkway','test description','../Images/DefaultDistrict.jpg');
/*!40000 ALTER TABLE `District` ENABLE KEYS */;
UNLOCK TABLES;

--
-- Table structure for table `Review`
--

DROP TABLE IF EXISTS `Review`;
/*!40101 SET @saved_cs_client     = @@character_set_client */;
/*!40101 SET character_set_client = utf8 */;
CREATE TABLE `Review` (
  `Review_Id` int(11) NOT NULL AUTO_INCREMENT,
  `Schedule_Id` int(11) NOT NULL,
  `Session_Id` int(11) NOT NULL,
  `Approval` tinyint(1) NOT NULL,
  `Explanation` varchar(500) DEFAULT NULL,
  `Student_Id` int(11) NOT NULL,
  PRIMARY KEY (`Review_Id`),
  KEY `Student_Id` (`Student_Id`),
  CONSTRAINT `Review_ibfk_1` FOREIGN KEY (`Student_Id`) REFERENCES `Student_Schedule` (`Student_Id`)
) ENGINE=InnoDB DEFAULT CHARSET=latin1;
/*!40101 SET character_set_client = @saved_cs_client */;

--
-- Dumping data for table `Review`
--

LOCK TABLES `Review` WRITE;
/*!40000 ALTER TABLE `Review` DISABLE KEYS */;
/*!40000 ALTER TABLE `Review` ENABLE KEYS */;
UNLOCK TABLES;

--
-- Table structure for table `School`
--

DROP TABLE IF EXISTS `School`;
/*!40101 SET @saved_cs_client     = @@character_set_client */;
/*!40101 SET character_set_client = utf8 */;
CREATE TABLE `School` (
  `School_id` int(11) NOT NULL AUTO_INCREMENT,
  `School_Name` varchar(30) NOT NULL,
  `School_Description` varchar(300) NOT NULL,
  `School_Color` varchar(6) NOT NULL,
  `District_Id` int(11) NOT NULL,
  `School_Image` varchar(50) NOT NULL DEFAULT '../Images/DefaultSchool.jpg',
  PRIMARY KEY (`School_id`),
  KEY `District_Id` (`District_Id`),
  CONSTRAINT `School_ibfk_1` FOREIGN KEY (`District_Id`) REFERENCES `District` (`District_Id`)
) ENGINE=InnoDB AUTO_INCREMENT=3 DEFAULT CHARSET=latin1;
/*!40101 SET character_set_client = @saved_cs_client */;

--
-- Dumping data for table `School`
--

LOCK TABLES `School` WRITE;
/*!40000 ALTER TABLE `School` DISABLE KEYS */;
INSERT INTO `School` VALUES (2,'Parkway Central High School','Test','000000',1,'../Images/DefaultSchool.jpg');
/*!40000 ALTER TABLE `School` ENABLE KEYS */;
UNLOCK TABLES;

--
-- Table structure for table `Session`
--

DROP TABLE IF EXISTS `Session`;
/*!40101 SET @saved_cs_client     = @@character_set_client */;
/*!40101 SET character_set_client = utf8 */;
CREATE TABLE `Session` (
  `Session_Id` int(11) NOT NULL AUTO_INCREMENT,
  `Session_Hour` int(11) NOT NULL,
  `Course_Id` int(11) NOT NULL,
  `School_Id` int(11) NOT NULL,
  `Staff_Id` int(11) NOT NULL,
  `Staff_Id2` int(11) DEFAULT NULL,
  `Staff_Id3` int(11) DEFAULT NULL,
  PRIMARY KEY (`Session_Id`),
  KEY `Course_Id` (`Course_Id`),
  KEY `School_Id` (`School_Id`),
  KEY `Staff_Id` (`Staff_Id`),
  CONSTRAINT `Session_ibfk_1` FOREIGN KEY (`Course_Id`) REFERENCES `Course` (`Course_Id`),
  CONSTRAINT `Session_ibfk_2` FOREIGN KEY (`School_Id`) REFERENCES `School` (`School_id`),
  CONSTRAINT `Session_ibfk_3` FOREIGN KEY (`Staff_Id`) REFERENCES `Staff` (`Staff_Id`)
) ENGINE=InnoDB DEFAULT CHARSET=latin1;
/*!40101 SET character_set_client = @saved_cs_client */;

--
-- Dumping data for table `Session`
--

LOCK TABLES `Session` WRITE;
/*!40000 ALTER TABLE `Session` DISABLE KEYS */;
/*!40000 ALTER TABLE `Session` ENABLE KEYS */;
UNLOCK TABLES;

--
-- Table structure for table `Staff`
--

DROP TABLE IF EXISTS `Staff`;
/*!40101 SET @saved_cs_client     = @@character_set_client */;
/*!40101 SET character_set_client = utf8 */;
CREATE TABLE `Staff` (
  `Staff_Id` int(11) NOT NULL AUTO_INCREMENT,
  `Last_Name` varchar(30) NOT NULL,
  `First_Name` varchar(30) NOT NULL,
  `Prefix` varchar(5) DEFAULT NULL,
  `Is_Admin` tinyint(1) NOT NULL DEFAULT '0',
  `Image` varchar(50) NOT NULL DEFAULT '../Images/DefaultStaff.jpg',
  `Password` varchar(30) NOT NULL,
  `Department_Id` int(11) NOT NULL,
  `Email` varchar(50) NOT NULL,
  PRIMARY KEY (`Staff_Id`),
  KEY `Department_Id` (`Department_Id`),
  CONSTRAINT `Staff_ibfk_1` FOREIGN KEY (`Department_Id`) REFERENCES `Department` (`Department_Id`)
) ENGINE=InnoDB AUTO_INCREMENT=1136 DEFAULT CHARSET=latin1;
/*!40101 SET character_set_client = @saved_cs_client */;

--
-- Dumping data for table `Staff`
--

LOCK TABLES `Staff` WRITE;
/*!40000 ALTER TABLE `Staff` DISABLE KEYS */;
INSERT INTO `Staff` VALUES (1,'Admin','Master',NULL,1,'../Images/DefaultStaff.jpg','ItShouldBeTeethPaste',1,'MasterAdmin@parkwayschools.net'),(407,'Adam','Brian','Mr.',0,'../Images/DefaultStaff.jpg','changeme',8,'badam@parkwayschools.net'),(408,'Anderson','Andrea','Mrs.',0,'../Images/DefaultStaff.jpg','changeme',3,'aanderson@parkwayschools.net'),(409,'Baker','Stephanie','Ms.',0,'../Images/DefaultStaff.jpg','changeme',8,'sbaker3@parkwayschools.net'),(410,'Banta','Ryan','Mr.',0,'../Images/DefaultStaff.jpg','changeme',8,'rbanta@parkwayschools.net'),(411,'Beal','Heather','Ms.',0,'../Images/DefaultStaff.jpg','changeme',2,'hbeal@parkwayschools.net'),(412,'Beazley','Matt','Mr.',0,'../Images/DefaultStaff.jpg','changeme',5,'mbeazley@parkwayschools.net'),(413,'Biggs','Nora','Mrs.',0,'../Images/DefaultStaff.jpg','changeme',3,'nbiggs@parkwayschools.net'),(414,'Bosomworth','Jeanette','Ms.',0,'../Images/DefaultStaff.jpg','changeme',4,'jbosomworth@parkwayschools.net'),(415,'Bradley','Joseph','Mr.',0,'../Images/DefaultStaff.jpg','changeme',5,'jbradley@parkwayschools.net'),(416,'Brown','Renell','Ms.',0,'../Images/DefaultStaff.jpg','changeme',4,'rbrown4@parkwayschools.net'),(417,'Burnett','Kathy','Ms.',0,'../Images/DefaultStaff.jpg','changeme',4,'kburnett@parkwayschools.net'),(418,'Byrd','Janell','Mrs.',0,'../Images/DefaultStaff.jpg','changeme',2,'jbyrd@parkwayschools.net'),(419,'Carr','Kimberly','Mrs.',0,'../Images/DefaultStaff.jpg','changeme',12,'kcarr@parkwayschools.net'),(420,'Caruso','Gina','Ms.',0,'../Images/DefaultStaff.jpg','changeme',2,'gcaruso@parkwayschools.net'),(421,'Deelo','Jaclyn','Ms.',0,'../Images/DefaultStaff.jpg','changeme',6,'jdeelo@parkwayschools.net'),(422,'Deffenbaugh','Cara','Ms.',0,'../Images/DefaultStaff.jpg','changeme',5,'cdeffenbaugh@parkwayschools.net'),(423,'Duffin','Alyce','Ms.',0,'../Images/DefaultStaff.jpg','changeme',3,'aduffin@parkwayschools.net'),(424,'Duncan','Nicole','Ms.',0,'../Images/DefaultStaff.jpg','changeme',4,'nduncan@parkwayschools.net'),(425,'Goldenberg','Mark','Mr.',0,'../Images/DefaultStaff.jpg','changeme',8,'mgoldenberg@parkwayschools.net'),(426,'Goodrich','Rene','Mrs.',0,'../Images/DefaultStaff.jpg','changeme',2,'rgoodrich@parkwayschools.net'),(427,'Grabow','Hilary','Ms.',0,'../Images/DefaultStaff.jpg','changeme',6,'hgrabow@parkwayschools.net'),(428,'Guilfoyle','Brian','Mr.',0,'../Images/DefaultStaff.jpg','changeme',5,'bguilfoyle@parkwayschools.net'),(429,'Haley','Colleen','Ms.',0,'../Images/DefaultStaff.jpg','changeme',3,'chaley@parkwayschools.net'),(430,'Halteman','Rick','Mr.',0,'../Images/DefaultStaff.jpg','changeme',2,'rhalteman@parkwayschools.net'),(431,'Herberger','Keith','Mr.',0,'../Images/DefaultStaff.jpg','changeme',8,'kherberger@parkwayschools.net'),(432,'Hoormann','Melissa','Mrs.',0,'../Images/DefaultStaff.jpg','changeme',2,'mhoormann@parkwayschools.net'),(433,'Hoover','Doug','Mr.',0,'../Images/DefaultStaff.jpg','changeme',5,'jhoover@parkwayschools.net'),(434,'Jafari','David','Mr.',0,'../Images/DefaultStaff.jpg','changeme',5,'djafari1@parkwayschools.net'),(435,'Johnson','Lee','Mr.',0,'../Images/DefaultStaff.jpg','changeme',4,'ljohnson3@parkwayschools.net'),(436,'Karfs','Beth','Ms.',0,'../Images/DefaultStaff.jpg','changeme',4,'bkarfs@parkwayschools.net'),(437,'Kazanecki','Thomas','Mr.',0,'../Images/DefaultStaff.jpg','changeme',4,'tkazanecki@parkwayschools.net'),(438,'Keating','Christy','Ms.',0,'../Images/DefaultStaff.jpg','changeme',7,'ckeating@parkwayschools.net'),(439,'Keller','Sue','Mrs.',0,'../Images/DefaultStaff.jpg','changeme',11,'skeller@parkwayschools.net'),(440,'Kelley','Shana','Ms.',0,'../Images/DefaultStaff.jpg','changeme',4,'skelley1@parkwayschools.net'),(441,'Kelty','Dan','Mr.',0,'../Images/DefaultStaff.jpg','changeme',7,'dkelty@parkwayschools.net'),(442,'Kim','Skylar','Mrs.',0,'../Images/DefaultStaff.jpg','changeme',8,'skim1@parkwayschools.net'),(443,'King','Ryan','Mr.',0,'../Images/DefaultStaff.jpg','changeme',12,'jking3@parkwayschools.net'),(444,'King','Ryan','Mr.',0,'../Images/DefaultStaff.jpg','changeme',4,'jking3@parkwayschools.net'),(445,'King','Susan','Dr.',0,'../Images/DefaultStaff.jpg','changeme',8,'sueking@parkwayschools.net'),(446,'Kirby','Rick','Mr.',0,'../Images/DefaultStaff.jpg','changeme',4,'rkirby@parkwayschools.net'),(447,'Krone','Cynthia','Mrs.',0,'../Images/DefaultStaff.jpg','changeme',3,'ckrone@parkwayschools.net'),(448,'Lehmann','Kurt','Mr.',0,'../Images/DefaultStaff.jpg','changeme',2,'klehmann@parkwayschools.net'),(449,'Loomis','Anilise','Mrs.',0,'../Images/DefaultStaff.jpg','changeme',3,'aloomis@parkwayschools.net'),(450,'Lovera','Jason','Mr.',0,'../Images/DefaultStaff.jpg','changeme',3,'jlovera@parkwayschools.net'),(451,'Lueken','Sarah','Ms.',0,'../Images/DefaultStaff.jpg','changeme',12,'slueken@parkwayschools.net'),(452,'Maloney','Cassandra','Ms.',0,'../Images/DefaultStaff.jpg','changeme',12,'cmaloney@parkwayschools.net'),(453,'Merriman','Hannah','Mrs.',0,'../Images/DefaultStaff.jpg','changeme',2,'hmerriman@parkwayschools.net'),(454,'Metropoulos','Kembra','Ms.',0,'../Images/DefaultStaff.jpg','changeme',3,'kmetropoulos@parkwayschools.net'),(455,'Meyer','Jennifer','Ms.',0,'../Images/DefaultStaff.jpg','changeme',4,'jmeyer3@parkwayschools.net'),(456,'Meyer','Meghan','Ms.',0,'../Images/DefaultStaff.jpg','changeme',11,'mmeyer@parkwayschools.net'),(457,'Michael','Laura','Mrs.',0,'../Images/DefaultStaff.jpg','changeme',3,'lmichael@parkwayschools.net'),(458,'Mueller','Aaron','Mr.',0,'../Images/DefaultStaff.jpg','changeme',11,'amueller@parkwayschools.net'),(459,'Mueller','Ron','Mr.',0,'../Images/DefaultStaff.jpg','changeme',7,'rmueller@parkwayschools.net'),(460,'O\'Leary','Terri','Ms.',0,'../Images/DefaultStaff.jpg','changeme',11,'toleary@parkwayschools.net'),(461,'Pannett','Todd','Mr.',0,'../Images/DefaultStaff.jpg','changeme',12,'tpannett@parkwayschools.net'),(462,'Papulis','Peter','Mr.',0,'../Images/DefaultStaff.jpg','changeme',2,'ppapulis@parkwayschools.net'),(463,'Patton','Joni','Mrs.',0,'../Images/DefaultStaff.jpg','changeme',8,'jpatton1@parkwayschools.net'),(464,'Perez','Annie','Ms.',0,'../Images/DefaultStaff.jpg','changeme',7,'aperez1@parkwayschools.net'),(465,'Piening','Mary','Ms.',0,'../Images/DefaultStaff.jpg','changeme',12,'mpiening@parkwayschools.net'),(466,'Pikaard','Matt','Mr.',0,'../Images/DefaultStaff.jpg','changeme',7,'mpikaard@parkwayschools.net'),(467,'Poole','Cameron','Mr.',0,'../Images/DefaultStaff.jpg','changeme',8,'cpoole@parkwayschools.net'),(468,'Ream','Kristin','Mrs.',0,'../Images/DefaultStaff.jpg','changeme',4,'kream@parkwayschools.net'),(469,'Reeves','Sarah','Ms.',0,'../Images/DefaultStaff.jpg','changeme',2,'sreeves1@parkwayschools.net'),(470,'Robertson','Brad','Mr.',0,'../Images/DefaultStaff.jpg','changeme',8,'brobertson1@parkwayschools.net'),(471,'Rudolph','Mattie','Ms.',0,'../Images/DefaultStaff.jpg','changeme',3,'mrudolph@parkwayschools.net'),(472,'Ruizdelarbol','Maureen','Mrs.',0,'../Images/DefaultStaff.jpg','changeme',7,'mruizdelarbol@parkwayschools.net'),(473,'Schaefer','Tom','Mr.',0,'../Images/DefaultStaff.jpg','changeme',2,'tschaefer@parkwayschools.net'),(474,'Schaefer','Christian','Mr.',0,'../Images/DefaultStaff.jpg','changeme',3,'cschaeffer@parkwayschools.net'),(475,'Schwent','Karen','Mrs.',0,'../Images/DefaultStaff.jpg','changeme',12,'kschwent@parkwayschools.net'),(476,'Sellers','Thomas','Mr.',0,'../Images/DefaultStaff.jpg','changeme',8,'tsellers@parkwayschools.net'),(477,'Silvermintz','Ben','Mr.',0,'../Images/DefaultStaff.jpg','changeme',5,'bsilvermintz@parkwayschools.net'),(478,'Staszcuk','Christie','Ms.',0,'../Images/DefaultStaff.jpg','changeme',7,'cstaszcuk@parkwayschools.net'),(479,'Stout','Christopher','Mr.',0,'../Images/DefaultStaff.jpg','changeme',3,'cstout@parkwayschools.net'),(480,'Stricker','Christine','Ms.',0,'../Images/DefaultStaff.jpg','changeme',3,'cstricker@parkwayschools.net'),(481,'Trecker','Linda','Ms.',0,'../Images/DefaultStaff.jpg','changeme',6,'ltrecker@parkwayschools.net'),(482,'Turnage','Lori','Ms.',0,'../Images/DefaultStaff.jpg','changeme',7,'lturnage@parkwayschools.net'),(483,'Voss','Nicole','Mrs.',0,'../Images/DefaultStaff.jpg','changeme',5,'nvoss@parkwayschools.net'),(484,'Weindel','Julie','Mrs.',0,'../Images/DefaultStaff.jpg','changeme',12,'jweindel@parkwayschools.net'),(485,'Williamson','Andrea','Mrs.',0,'../Images/DefaultStaff.jpg','changeme',7,'awilliamson@parkwayschools.net'),(486,'Wilson','Nathan','Mr.',0,'../Images/DefaultStaff.jpg','changeme',2,'nwilson@parkwayschools.net'),(487,'Wright','Michael','Mr.',0,'../Images/DefaultStaff.jpg','changeme',11,'mwright@parkwayschools.net'),(488,'Adam','Brian','Mr.',0,'../Images/DefaultStaff.jpg','changeme',8,'badam@parkwayschools.net'),(489,'Anderson','Andrea','Mrs.',0,'../Images/DefaultStaff.jpg','changeme',3,'aanderson@parkwayschools.net'),(490,'Baker','Stephanie','Ms.',0,'../Images/DefaultStaff.jpg','changeme',8,'sbaker3@parkwayschools.net'),(491,'Banta','Ryan','Mr.',0,'../Images/DefaultStaff.jpg','changeme',8,'rbanta@parkwayschools.net'),(492,'Beal','Heather','Ms.',0,'../Images/DefaultStaff.jpg','changeme',2,'hbeal@parkwayschools.net'),(493,'Beazley','Matt','Mr.',0,'../Images/DefaultStaff.jpg','changeme',5,'mbeazley@parkwayschools.net'),(494,'Biggs','Nora','Mrs.',0,'../Images/DefaultStaff.jpg','changeme',3,'nbiggs@parkwayschools.net'),(495,'Bosomworth','Jeanette','Ms.',0,'../Images/DefaultStaff.jpg','changeme',4,'jbosomworth@parkwayschools.net'),(496,'Bradley','Joseph','Mr.',0,'../Images/DefaultStaff.jpg','changeme',5,'jbradley@parkwayschools.net'),(497,'Brown','Renell','Ms.',0,'../Images/DefaultStaff.jpg','changeme',4,'rbrown4@parkwayschools.net'),(498,'Burnett','Kathy','Ms.',0,'../Images/DefaultStaff.jpg','changeme',4,'kburnett@parkwayschools.net'),(499,'Byrd','Janell','Mrs.',0,'../Images/DefaultStaff.jpg','changeme',2,'jbyrd@parkwayschools.net'),(500,'Carr','Kimberly','Mrs.',0,'../Images/DefaultStaff.jpg','changeme',12,'kcarr@parkwayschools.net'),(501,'Caruso','Gina','Ms.',0,'../Images/DefaultStaff.jpg','changeme',2,'gcaruso@parkwayschools.net'),(502,'Deelo','Jaclyn','Ms.',0,'../Images/DefaultStaff.jpg','changeme',6,'jdeelo@parkwayschools.net'),(503,'Deffenbaugh','Cara','Ms.',0,'../Images/DefaultStaff.jpg','changeme',5,'cdeffenbaugh@parkwayschools.net'),(504,'Duffin','Alyce','Ms.',0,'../Images/DefaultStaff.jpg','changeme',3,'aduffin@parkwayschools.net'),(505,'Duncan','Nicole','Ms.',0,'../Images/DefaultStaff.jpg','changeme',4,'nduncan@parkwayschools.net'),(506,'Goldenberg','Mark','Mr.',0,'../Images/DefaultStaff.jpg','changeme',8,'mgoldenberg@parkwayschools.net'),(507,'Goodrich','Rene','Mrs.',0,'../Images/DefaultStaff.jpg','changeme',2,'rgoodrich@parkwayschools.net'),(508,'Grabow','Hilary','Ms.',0,'../Images/DefaultStaff.jpg','changeme',6,'hgrabow@parkwayschools.net'),(509,'Guilfoyle','Brian','Mr.',0,'../Images/DefaultStaff.jpg','changeme',5,'bguilfoyle@parkwayschools.net'),(510,'Haley','Colleen','Ms.',0,'../Images/DefaultStaff.jpg','changeme',3,'chaley@parkwayschools.net'),(511,'Halteman','Rick','Mr.',0,'../Images/DefaultStaff.jpg','changeme',2,'rhalteman@parkwayschools.net'),(512,'Herberger','Keith','Mr.',0,'../Images/DefaultStaff.jpg','changeme',8,'kherberger@parkwayschools.net'),(513,'Hoormann','Melissa','Mrs.',0,'../Images/DefaultStaff.jpg','changeme',2,'mhoormann@parkwayschools.net'),(514,'Hoover','Doug','Mr.',0,'../Images/DefaultStaff.jpg','changeme',5,'jhoover@parkwayschools.net'),(515,'Jafari','David','Mr.',0,'../Images/DefaultStaff.jpg','changeme',5,'djafari1@parkwayschools.net'),(516,'Johnson','Lee','Mr.',0,'../Images/DefaultStaff.jpg','changeme',4,'ljohnson3@parkwayschools.net'),(517,'Karfs','Beth','Ms.',0,'../Images/DefaultStaff.jpg','changeme',4,'bkarfs@parkwayschools.net'),(518,'Kazanecki','Thomas','Mr.',0,'../Images/DefaultStaff.jpg','changeme',4,'tkazanecki@parkwayschools.net'),(519,'Keating','Christy','Ms.',0,'../Images/DefaultStaff.jpg','changeme',7,'ckeating@parkwayschools.net'),(520,'Keller','Sue','Mrs.',0,'../Images/DefaultStaff.jpg','changeme',11,'skeller@parkwayschools.net'),(521,'Kelley','Shana','Ms.',0,'../Images/DefaultStaff.jpg','changeme',4,'skelley1@parkwayschools.net'),(522,'Kelty','Dan','Mr.',0,'../Images/DefaultStaff.jpg','changeme',7,'dkelty@parkwayschools.net'),(523,'Kim','Skylar','Mrs.',0,'../Images/DefaultStaff.jpg','changeme',8,'skim1@parkwayschools.net'),(524,'King','Ryan','Mr.',0,'../Images/DefaultStaff.jpg','changeme',12,'jking3@parkwayschools.net'),(525,'King','Ryan','Mr.',0,'../Images/DefaultStaff.jpg','changeme',4,'jking3@parkwayschools.net'),(526,'King','Susan','Dr.',0,'../Images/DefaultStaff.jpg','changeme',8,'sueking@parkwayschools.net'),(527,'Kirby','Rick','Mr.',0,'../Images/DefaultStaff.jpg','changeme',4,'rkirby@parkwayschools.net'),(528,'Krone','Cynthia','Mrs.',0,'../Images/DefaultStaff.jpg','changeme',3,'ckrone@parkwayschools.net'),(529,'Lehmann','Kurt','Mr.',0,'../Images/DefaultStaff.jpg','changeme',2,'klehmann@parkwayschools.net'),(530,'Loomis','Anilise','Mrs.',0,'../Images/DefaultStaff.jpg','changeme',3,'aloomis@parkwayschools.net'),(531,'Lovera','Jason','Mr.',0,'../Images/DefaultStaff.jpg','changeme',3,'jlovera@parkwayschools.net'),(532,'Lueken','Sarah','Ms.',0,'../Images/DefaultStaff.jpg','changeme',12,'slueken@parkwayschools.net'),(533,'Maloney','Cassandra','Ms.',0,'../Images/DefaultStaff.jpg','changeme',12,'cmaloney@parkwayschools.net'),(534,'Merriman','Hannah','Mrs.',0,'../Images/DefaultStaff.jpg','changeme',2,'hmerriman@parkwayschools.net'),(535,'Metropoulos','Kembra','Ms.',0,'../Images/DefaultStaff.jpg','changeme',3,'kmetropoulos@parkwayschools.net'),(536,'Meyer','Jennifer','Ms.',0,'../Images/DefaultStaff.jpg','changeme',4,'jmeyer3@parkwayschools.net'),(537,'Meyer','Meghan','Ms.',0,'../Images/DefaultStaff.jpg','changeme',11,'mmeyer@parkwayschools.net'),(538,'Michael','Laura','Mrs.',0,'../Images/DefaultStaff.jpg','changeme',3,'lmichael@parkwayschools.net'),(539,'Mueller','Aaron','Mr.',0,'../Images/DefaultStaff.jpg','changeme',11,'amueller@parkwayschools.net'),(540,'Mueller','Ron','Mr.',0,'../Images/DefaultStaff.jpg','changeme',7,'rmueller@parkwayschools.net'),(541,'O\'Leary','Terri','Ms.',0,'../Images/DefaultStaff.jpg','changeme',11,'toleary@parkwayschools.net'),(542,'Pannett','Todd','Mr.',0,'../Images/DefaultStaff.jpg','changeme',12,'tpannett@parkwayschools.net'),(543,'Papulis','Peter','Mr.',0,'../Images/DefaultStaff.jpg','changeme',2,'ppapulis@parkwayschools.net'),(544,'Patton','Joni','Mrs.',0,'../Images/DefaultStaff.jpg','changeme',8,'jpatton1@parkwayschools.net'),(545,'Perez','Annie','Ms.',0,'../Images/DefaultStaff.jpg','changeme',7,'aperez1@parkwayschools.net'),(546,'Piening','Mary','Ms.',0,'../Images/DefaultStaff.jpg','changeme',12,'mpiening@parkwayschools.net'),(547,'Pikaard','Matt','Mr.',0,'../Images/DefaultStaff.jpg','changeme',7,'mpikaard@parkwayschools.net'),(548,'Poole','Cameron','Mr.',0,'../Images/DefaultStaff.jpg','changeme',8,'cpoole@parkwayschools.net'),(549,'Ream','Kristin','Mrs.',0,'../Images/DefaultStaff.jpg','changeme',4,'kream@parkwayschools.net'),(550,'Reeves','Sarah','Ms.',0,'../Images/DefaultStaff.jpg','changeme',2,'sreeves1@parkwayschools.net'),(551,'Robertson','Brad','Mr.',0,'../Images/DefaultStaff.jpg','changeme',8,'brobertson1@parkwayschools.net'),(552,'Rudolph','Mattie','Ms.',0,'../Images/DefaultStaff.jpg','changeme',3,'mrudolph@parkwayschools.net'),(553,'Ruizdelarbol','Maureen','Mrs.',0,'../Images/DefaultStaff.jpg','changeme',7,'mruizdelarbol@parkwayschools.net'),(554,'Schaefer','Tom','Mr.',0,'../Images/DefaultStaff.jpg','changeme',2,'tschaefer@parkwayschools.net'),(555,'Schaefer','Christian','Mr.',0,'../Images/DefaultStaff.jpg','changeme',3,'cschaeffer@parkwayschools.net'),(556,'Schwent','Karen','Mrs.',0,'../Images/DefaultStaff.jpg','changeme',12,'kschwent@parkwayschools.net'),(557,'Sellers','Thomas','Mr.',0,'../Images/DefaultStaff.jpg','changeme',8,'tsellers@parkwayschools.net'),(558,'Silvermintz','Ben','Mr.',0,'../Images/DefaultStaff.jpg','changeme',5,'bsilvermintz@parkwayschools.net'),(559,'Staszcuk','Christie','Ms.',0,'../Images/DefaultStaff.jpg','changeme',7,'cstaszcuk@parkwayschools.net'),(560,'Stout','Christopher','Mr.',0,'../Images/DefaultStaff.jpg','changeme',3,'cstout@parkwayschools.net'),(561,'Stricker','Christine','Ms.',0,'../Images/DefaultStaff.jpg','changeme',3,'cstricker@parkwayschools.net'),(562,'Trecker','Linda','Ms.',0,'../Images/DefaultStaff.jpg','changeme',6,'ltrecker@parkwayschools.net'),(563,'Turnage','Lori','Ms.',0,'../Images/DefaultStaff.jpg','changeme',7,'lturnage@parkwayschools.net'),(564,'Voss','Nicole','Mrs.',0,'../Images/DefaultStaff.jpg','changeme',5,'nvoss@parkwayschools.net'),(565,'Weindel','Julie','Mrs.',0,'../Images/DefaultStaff.jpg','changeme',12,'jweindel@parkwayschools.net'),(566,'Williamson','Andrea','Mrs.',0,'../Images/DefaultStaff.jpg','changeme',7,'awilliamson@parkwayschools.net'),(567,'Wilson','Nathan','Mr.',0,'../Images/DefaultStaff.jpg','changeme',2,'nwilson@parkwayschools.net'),(568,'Wright','Michael','Mr.',0,'../Images/DefaultStaff.jpg','changeme',11,'mwright@parkwayschools.net'),(569,'Adam','Brian','Mr.',0,'../Images/DefaultStaff.jpg','changeme',8,'badam@parkwayschools.net'),(570,'Anderson','Andrea','Mrs.',0,'../Images/DefaultStaff.jpg','changeme',3,'aanderson@parkwayschools.net'),(571,'Baker','Stephanie','Ms.',0,'../Images/DefaultStaff.jpg','changeme',8,'sbaker3@parkwayschools.net'),(572,'Banta','Ryan','Mr.',0,'../Images/DefaultStaff.jpg','changeme',8,'rbanta@parkwayschools.net'),(573,'Beal','Heather','Ms.',0,'../Images/DefaultStaff.jpg','changeme',2,'hbeal@parkwayschools.net'),(574,'Beazley','Matt','Mr.',0,'../Images/DefaultStaff.jpg','changeme',5,'mbeazley@parkwayschools.net'),(575,'Biggs','Nora','Mrs.',0,'../Images/DefaultStaff.jpg','changeme',3,'nbiggs@parkwayschools.net'),(576,'Bosomworth','Jeanette','Ms.',0,'../Images/DefaultStaff.jpg','changeme',4,'jbosomworth@parkwayschools.net'),(577,'Bradley','Joseph','Mr.',0,'../Images/DefaultStaff.jpg','changeme',5,'jbradley@parkwayschools.net'),(578,'Brown','Renell','Ms.',0,'../Images/DefaultStaff.jpg','changeme',4,'rbrown4@parkwayschools.net'),(579,'Burnett','Kathy','Ms.',0,'../Images/DefaultStaff.jpg','changeme',4,'kburnett@parkwayschools.net'),(580,'Byrd','Janell','Mrs.',0,'../Images/DefaultStaff.jpg','changeme',2,'jbyrd@parkwayschools.net'),(581,'Carr','Kimberly','Mrs.',0,'../Images/DefaultStaff.jpg','changeme',12,'kcarr@parkwayschools.net'),(582,'Caruso','Gina','Ms.',0,'../Images/DefaultStaff.jpg','changeme',2,'gcaruso@parkwayschools.net'),(583,'Deelo','Jaclyn','Ms.',0,'../Images/DefaultStaff.jpg','changeme',6,'jdeelo@parkwayschools.net'),(584,'Deffenbaugh','Cara','Ms.',0,'../Images/DefaultStaff.jpg','changeme',5,'cdeffenbaugh@parkwayschools.net'),(585,'Duffin','Alyce','Ms.',0,'../Images/DefaultStaff.jpg','changeme',3,'aduffin@parkwayschools.net'),(586,'Duncan','Nicole','Ms.',0,'../Images/DefaultStaff.jpg','changeme',4,'nduncan@parkwayschools.net'),(587,'Goldenberg','Mark','Mr.',0,'../Images/DefaultStaff.jpg','changeme',8,'mgoldenberg@parkwayschools.net'),(588,'Goodrich','Rene','Mrs.',0,'../Images/DefaultStaff.jpg','changeme',2,'rgoodrich@parkwayschools.net'),(589,'Grabow','Hilary','Ms.',0,'../Images/DefaultStaff.jpg','changeme',6,'hgrabow@parkwayschools.net'),(590,'Guilfoyle','Brian','Mr.',0,'../Images/DefaultStaff.jpg','changeme',5,'bguilfoyle@parkwayschools.net'),(591,'Haley','Colleen','Ms.',0,'../Images/DefaultStaff.jpg','changeme',3,'chaley@parkwayschools.net'),(592,'Halteman','Rick','Mr.',0,'../Images/DefaultStaff.jpg','changeme',2,'rhalteman@parkwayschools.net'),(593,'Herberger','Keith','Mr.',0,'../Images/DefaultStaff.jpg','changeme',8,'kherberger@parkwayschools.net'),(594,'Hoormann','Melissa','Mrs.',0,'../Images/DefaultStaff.jpg','changeme',2,'mhoormann@parkwayschools.net'),(595,'Hoover','Doug','Mr.',0,'../Images/DefaultStaff.jpg','changeme',5,'jhoover@parkwayschools.net'),(596,'Jafari','David','Mr.',0,'../Images/DefaultStaff.jpg','changeme',5,'djafari1@parkwayschools.net'),(597,'Johnson','Lee','Mr.',0,'../Images/DefaultStaff.jpg','changeme',4,'ljohnson3@parkwayschools.net'),(598,'Karfs','Beth','Ms.',0,'../Images/DefaultStaff.jpg','changeme',4,'bkarfs@parkwayschools.net'),(599,'Kazanecki','Thomas','Mr.',0,'../Images/DefaultStaff.jpg','changeme',4,'tkazanecki@parkwayschools.net'),(600,'Keating','Christy','Ms.',0,'../Images/DefaultStaff.jpg','changeme',7,'ckeating@parkwayschools.net'),(601,'Keller','Sue','Mrs.',0,'../Images/DefaultStaff.jpg','changeme',11,'skeller@parkwayschools.net'),(602,'Kelley','Shana','Ms.',0,'../Images/DefaultStaff.jpg','changeme',4,'skelley1@parkwayschools.net'),(603,'Kelty','Dan','Mr.',0,'../Images/DefaultStaff.jpg','changeme',7,'dkelty@parkwayschools.net'),(604,'Kim','Skylar','Mrs.',0,'../Images/DefaultStaff.jpg','changeme',8,'skim1@parkwayschools.net'),(605,'King','Ryan','Mr.',0,'../Images/DefaultStaff.jpg','changeme',12,'jking3@parkwayschools.net'),(606,'King','Ryan','Mr.',0,'../Images/DefaultStaff.jpg','changeme',4,'jking3@parkwayschools.net'),(607,'King','Susan','Dr.',0,'../Images/DefaultStaff.jpg','changeme',8,'sueking@parkwayschools.net'),(608,'Kirby','Rick','Mr.',0,'../Images/DefaultStaff.jpg','changeme',4,'rkirby@parkwayschools.net'),(609,'Krone','Cynthia','Mrs.',0,'../Images/DefaultStaff.jpg','changeme',3,'ckrone@parkwayschools.net'),(610,'Lehmann','Kurt','Mr.',0,'../Images/DefaultStaff.jpg','changeme',2,'klehmann@parkwayschools.net'),(611,'Loomis','Anilise','Mrs.',0,'../Images/DefaultStaff.jpg','changeme',3,'aloomis@parkwayschools.net'),(612,'Lovera','Jason','Mr.',0,'../Images/DefaultStaff.jpg','changeme',3,'jlovera@parkwayschools.net'),(613,'Lueken','Sarah','Ms.',0,'../Images/DefaultStaff.jpg','changeme',12,'slueken@parkwayschools.net'),(614,'Maloney','Cassandra','Ms.',0,'../Images/DefaultStaff.jpg','changeme',12,'cmaloney@parkwayschools.net'),(615,'Merriman','Hannah','Mrs.',0,'../Images/DefaultStaff.jpg','changeme',2,'hmerriman@parkwayschools.net'),(616,'Metropoulos','Kembra','Ms.',0,'../Images/DefaultStaff.jpg','changeme',3,'kmetropoulos@parkwayschools.net'),(617,'Meyer','Jennifer','Ms.',0,'../Images/DefaultStaff.jpg','changeme',4,'jmeyer3@parkwayschools.net'),(618,'Meyer','Meghan','Ms.',0,'../Images/DefaultStaff.jpg','changeme',11,'mmeyer@parkwayschools.net'),(619,'Michael','Laura','Mrs.',0,'../Images/DefaultStaff.jpg','changeme',3,'lmichael@parkwayschools.net'),(620,'Mueller','Aaron','Mr.',0,'../Images/DefaultStaff.jpg','changeme',11,'amueller@parkwayschools.net'),(621,'Mueller','Ron','Mr.',0,'../Images/DefaultStaff.jpg','changeme',7,'rmueller@parkwayschools.net'),(622,'O\'Leary','Terri','Ms.',0,'../Images/DefaultStaff.jpg','changeme',11,'toleary@parkwayschools.net'),(623,'Pannett','Todd','Mr.',0,'../Images/DefaultStaff.jpg','changeme',12,'tpannett@parkwayschools.net'),(624,'Papulis','Peter','Mr.',0,'../Images/DefaultStaff.jpg','changeme',2,'ppapulis@parkwayschools.net'),(625,'Patton','Joni','Mrs.',0,'../Images/DefaultStaff.jpg','changeme',8,'jpatton1@parkwayschools.net'),(626,'Perez','Annie','Ms.',0,'../Images/DefaultStaff.jpg','changeme',7,'aperez1@parkwayschools.net'),(627,'Piening','Mary','Ms.',0,'../Images/DefaultStaff.jpg','changeme',12,'mpiening@parkwayschools.net'),(628,'Pikaard','Matt','Mr.',0,'../Images/DefaultStaff.jpg','changeme',7,'mpikaard@parkwayschools.net'),(629,'Poole','Cameron','Mr.',0,'../Images/DefaultStaff.jpg','changeme',8,'cpoole@parkwayschools.net'),(630,'Ream','Kristin','Mrs.',0,'../Images/DefaultStaff.jpg','changeme',4,'kream@parkwayschools.net'),(631,'Reeves','Sarah','Ms.',0,'../Images/DefaultStaff.jpg','changeme',2,'sreeves1@parkwayschools.net'),(632,'Robertson','Brad','Mr.',0,'../Images/DefaultStaff.jpg','changeme',8,'brobertson1@parkwayschools.net'),(633,'Rudolph','Mattie','Ms.',0,'../Images/DefaultStaff.jpg','changeme',3,'mrudolph@parkwayschools.net'),(634,'Ruizdelarbol','Maureen','Mrs.',0,'../Images/DefaultStaff.jpg','changeme',7,'mruizdelarbol@parkwayschools.net'),(635,'Schaefer','Tom','Mr.',0,'../Images/DefaultStaff.jpg','changeme',2,'tschaefer@parkwayschools.net'),(636,'Schaefer','Christian','Mr.',0,'../Images/DefaultStaff.jpg','changeme',3,'cschaeffer@parkwayschools.net'),(637,'Schwent','Karen','Mrs.',0,'../Images/DefaultStaff.jpg','changeme',12,'kschwent@parkwayschools.net'),(638,'Sellers','Thomas','Mr.',0,'../Images/DefaultStaff.jpg','changeme',8,'tsellers@parkwayschools.net'),(639,'Silvermintz','Ben','Mr.',0,'../Images/DefaultStaff.jpg','changeme',5,'bsilvermintz@parkwayschools.net'),(640,'Staszcuk','Christie','Ms.',0,'../Images/DefaultStaff.jpg','changeme',7,'cstaszcuk@parkwayschools.net'),(641,'Stout','Christopher','Mr.',0,'../Images/DefaultStaff.jpg','changeme',3,'cstout@parkwayschools.net'),(642,'Stricker','Christine','Ms.',0,'../Images/DefaultStaff.jpg','changeme',3,'cstricker@parkwayschools.net'),(643,'Trecker','Linda','Ms.',0,'../Images/DefaultStaff.jpg','changeme',6,'ltrecker@parkwayschools.net'),(644,'Turnage','Lori','Ms.',0,'../Images/DefaultStaff.jpg','changeme',7,'lturnage@parkwayschools.net'),(645,'Voss','Nicole','Mrs.',0,'../Images/DefaultStaff.jpg','changeme',5,'nvoss@parkwayschools.net'),(646,'Weindel','Julie','Mrs.',0,'../Images/DefaultStaff.jpg','changeme',12,'jweindel@parkwayschools.net'),(647,'Williamson','Andrea','Mrs.',0,'../Images/DefaultStaff.jpg','changeme',7,'awilliamson@parkwayschools.net'),(648,'Wilson','Nathan','Mr.',0,'../Images/DefaultStaff.jpg','changeme',2,'nwilson@parkwayschools.net'),(649,'Wright','Michael','Mr.',0,'../Images/DefaultStaff.jpg','changeme',11,'mwright@parkwayschools.net'),(650,'Adam','Brian','Mr.',0,'../Images/DefaultStaff.jpg','changeme',8,'badam@parkwayschools.net'),(651,'Anderson','Andrea','Mrs.',0,'../Images/DefaultStaff.jpg','changeme',3,'aanderson@parkwayschools.net'),(652,'Baker','Stephanie','Ms.',0,'../Images/DefaultStaff.jpg','changeme',8,'sbaker3@parkwayschools.net'),(653,'Banta','Ryan','Mr.',0,'../Images/DefaultStaff.jpg','changeme',8,'rbanta@parkwayschools.net'),(654,'Beal','Heather','Ms.',0,'../Images/DefaultStaff.jpg','changeme',2,'hbeal@parkwayschools.net'),(655,'Beazley','Matt','Mr.',0,'../Images/DefaultStaff.jpg','changeme',5,'mbeazley@parkwayschools.net'),(656,'Biggs','Nora','Mrs.',0,'../Images/DefaultStaff.jpg','changeme',3,'nbiggs@parkwayschools.net'),(657,'Bosomworth','Jeanette','Ms.',0,'../Images/DefaultStaff.jpg','changeme',4,'jbosomworth@parkwayschools.net'),(658,'Bradley','Joseph','Mr.',0,'../Images/DefaultStaff.jpg','changeme',5,'jbradley@parkwayschools.net'),(659,'Brown','Renell','Ms.',0,'../Images/DefaultStaff.jpg','changeme',4,'rbrown4@parkwayschools.net'),(660,'Burnett','Kathy','Ms.',0,'../Images/DefaultStaff.jpg','changeme',4,'kburnett@parkwayschools.net'),(661,'Byrd','Janell','Mrs.',0,'../Images/DefaultStaff.jpg','changeme',2,'jbyrd@parkwayschools.net'),(662,'Carr','Kimberly','Mrs.',0,'../Images/DefaultStaff.jpg','changeme',12,'kcarr@parkwayschools.net'),(663,'Caruso','Gina','Ms.',0,'../Images/DefaultStaff.jpg','changeme',2,'gcaruso@parkwayschools.net'),(664,'Deelo','Jaclyn','Ms.',0,'../Images/DefaultStaff.jpg','changeme',6,'jdeelo@parkwayschools.net'),(665,'Deffenbaugh','Cara','Ms.',0,'../Images/DefaultStaff.jpg','changeme',5,'cdeffenbaugh@parkwayschools.net'),(666,'Duffin','Alyce','Ms.',0,'../Images/DefaultStaff.jpg','changeme',3,'aduffin@parkwayschools.net'),(667,'Duncan','Nicole','Ms.',0,'../Images/DefaultStaff.jpg','changeme',4,'nduncan@parkwayschools.net'),(668,'Goldenberg','Mark','Mr.',0,'../Images/DefaultStaff.jpg','changeme',8,'mgoldenberg@parkwayschools.net'),(669,'Goodrich','Rene','Mrs.',0,'../Images/DefaultStaff.jpg','changeme',2,'rgoodrich@parkwayschools.net'),(670,'Grabow','Hilary','Ms.',0,'../Images/DefaultStaff.jpg','changeme',6,'hgrabow@parkwayschools.net'),(671,'Guilfoyle','Brian','Mr.',0,'../Images/DefaultStaff.jpg','changeme',5,'bguilfoyle@parkwayschools.net'),(672,'Haley','Colleen','Ms.',0,'../Images/DefaultStaff.jpg','changeme',3,'chaley@parkwayschools.net'),(673,'Halteman','Rick','Mr.',0,'../Images/DefaultStaff.jpg','changeme',2,'rhalteman@parkwayschools.net'),(674,'Herberger','Keith','Mr.',0,'../Images/DefaultStaff.jpg','changeme',8,'kherberger@parkwayschools.net'),(675,'Hoormann','Melissa','Mrs.',0,'../Images/DefaultStaff.jpg','changeme',2,'mhoormann@parkwayschools.net'),(676,'Hoover','Doug','Mr.',0,'../Images/DefaultStaff.jpg','changeme',5,'jhoover@parkwayschools.net'),(677,'Jafari','David','Mr.',0,'../Images/DefaultStaff.jpg','changeme',5,'djafari1@parkwayschools.net'),(678,'Johnson','Lee','Mr.',0,'../Images/DefaultStaff.jpg','changeme',4,'ljohnson3@parkwayschools.net'),(679,'Karfs','Beth','Ms.',0,'../Images/DefaultStaff.jpg','changeme',4,'bkarfs@parkwayschools.net'),(680,'Kazanecki','Thomas','Mr.',0,'../Images/DefaultStaff.jpg','changeme',4,'tkazanecki@parkwayschools.net'),(681,'Keating','Christy','Ms.',0,'../Images/DefaultStaff.jpg','changeme',7,'ckeating@parkwayschools.net'),(682,'Keller','Sue','Mrs.',0,'../Images/DefaultStaff.jpg','changeme',11,'skeller@parkwayschools.net'),(683,'Kelley','Shana','Ms.',0,'../Images/DefaultStaff.jpg','changeme',4,'skelley1@parkwayschools.net'),(684,'Kelty','Dan','Mr.',0,'../Images/DefaultStaff.jpg','changeme',7,'dkelty@parkwayschools.net'),(685,'Kim','Skylar','Mrs.',0,'../Images/DefaultStaff.jpg','changeme',8,'skim1@parkwayschools.net'),(686,'King','Ryan','Mr.',0,'../Images/DefaultStaff.jpg','changeme',12,'jking3@parkwayschools.net'),(687,'King','Ryan','Mr.',0,'../Images/DefaultStaff.jpg','changeme',4,'jking3@parkwayschools.net'),(688,'King','Susan','Dr.',0,'../Images/DefaultStaff.jpg','changeme',8,'sueking@parkwayschools.net'),(689,'Kirby','Rick','Mr.',0,'../Images/DefaultStaff.jpg','changeme',4,'rkirby@parkwayschools.net'),(690,'Krone','Cynthia','Mrs.',0,'../Images/DefaultStaff.jpg','changeme',3,'ckrone@parkwayschools.net'),(691,'Lehmann','Kurt','Mr.',0,'../Images/DefaultStaff.jpg','changeme',2,'klehmann@parkwayschools.net'),(692,'Loomis','Anilise','Mrs.',0,'../Images/DefaultStaff.jpg','changeme',3,'aloomis@parkwayschools.net'),(693,'Lovera','Jason','Mr.',0,'../Images/DefaultStaff.jpg','changeme',3,'jlovera@parkwayschools.net'),(694,'Lueken','Sarah','Ms.',0,'../Images/DefaultStaff.jpg','changeme',12,'slueken@parkwayschools.net'),(695,'Maloney','Cassandra','Ms.',0,'../Images/DefaultStaff.jpg','changeme',12,'cmaloney@parkwayschools.net'),(696,'Merriman','Hannah','Mrs.',0,'../Images/DefaultStaff.jpg','changeme',2,'hmerriman@parkwayschools.net'),(697,'Metropoulos','Kembra','Ms.',0,'../Images/DefaultStaff.jpg','changeme',3,'kmetropoulos@parkwayschools.net'),(698,'Meyer','Jennifer','Ms.',0,'../Images/DefaultStaff.jpg','changeme',4,'jmeyer3@parkwayschools.net'),(699,'Meyer','Meghan','Ms.',0,'../Images/DefaultStaff.jpg','changeme',11,'mmeyer@parkwayschools.net'),(700,'Michael','Laura','Mrs.',0,'../Images/DefaultStaff.jpg','changeme',3,'lmichael@parkwayschools.net'),(701,'Mueller','Aaron','Mr.',0,'../Images/DefaultStaff.jpg','changeme',11,'amueller@parkwayschools.net'),(702,'Mueller','Ron','Mr.',0,'../Images/DefaultStaff.jpg','changeme',7,'rmueller@parkwayschools.net'),(703,'O\'Leary','Terri','Ms.',0,'../Images/DefaultStaff.jpg','changeme',11,'toleary@parkwayschools.net'),(704,'Pannett','Todd','Mr.',0,'../Images/DefaultStaff.jpg','changeme',12,'tpannett@parkwayschools.net'),(705,'Papulis','Peter','Mr.',0,'../Images/DefaultStaff.jpg','changeme',2,'ppapulis@parkwayschools.net'),(706,'Patton','Joni','Mrs.',0,'../Images/DefaultStaff.jpg','changeme',8,'jpatton1@parkwayschools.net'),(707,'Perez','Annie','Ms.',0,'../Images/DefaultStaff.jpg','changeme',7,'aperez1@parkwayschools.net'),(708,'Piening','Mary','Ms.',0,'../Images/DefaultStaff.jpg','changeme',12,'mpiening@parkwayschools.net'),(709,'Pikaard','Matt','Mr.',0,'../Images/DefaultStaff.jpg','changeme',7,'mpikaard@parkwayschools.net'),(710,'Poole','Cameron','Mr.',0,'../Images/DefaultStaff.jpg','changeme',8,'cpoole@parkwayschools.net'),(711,'Ream','Kristin','Mrs.',0,'../Images/DefaultStaff.jpg','changeme',4,'kream@parkwayschools.net'),(712,'Reeves','Sarah','Ms.',0,'../Images/DefaultStaff.jpg','changeme',2,'sreeves1@parkwayschools.net'),(713,'Robertson','Brad','Mr.',0,'../Images/DefaultStaff.jpg','changeme',8,'brobertson1@parkwayschools.net'),(714,'Rudolph','Mattie','Ms.',0,'../Images/DefaultStaff.jpg','changeme',3,'mrudolph@parkwayschools.net'),(715,'Ruizdelarbol','Maureen','Mrs.',0,'../Images/DefaultStaff.jpg','changeme',7,'mruizdelarbol@parkwayschools.net'),(716,'Schaefer','Tom','Mr.',0,'../Images/DefaultStaff.jpg','changeme',2,'tschaefer@parkwayschools.net'),(717,'Schaefer','Christian','Mr.',0,'../Images/DefaultStaff.jpg','changeme',3,'cschaeffer@parkwayschools.net'),(718,'Schwent','Karen','Mrs.',0,'../Images/DefaultStaff.jpg','changeme',12,'kschwent@parkwayschools.net'),(719,'Sellers','Thomas','Mr.',0,'../Images/DefaultStaff.jpg','changeme',8,'tsellers@parkwayschools.net'),(720,'Silvermintz','Ben','Mr.',0,'../Images/DefaultStaff.jpg','changeme',5,'bsilvermintz@parkwayschools.net'),(721,'Staszcuk','Christie','Ms.',0,'../Images/DefaultStaff.jpg','changeme',7,'cstaszcuk@parkwayschools.net'),(722,'Stout','Christopher','Mr.',0,'../Images/DefaultStaff.jpg','changeme',3,'cstout@parkwayschools.net'),(723,'Stricker','Christine','Ms.',0,'../Images/DefaultStaff.jpg','changeme',3,'cstricker@parkwayschools.net'),(724,'Trecker','Linda','Ms.',0,'../Images/DefaultStaff.jpg','changeme',6,'ltrecker@parkwayschools.net'),(725,'Turnage','Lori','Ms.',0,'../Images/DefaultStaff.jpg','changeme',7,'lturnage@parkwayschools.net'),(726,'Voss','Nicole','Mrs.',0,'../Images/DefaultStaff.jpg','changeme',5,'nvoss@parkwayschools.net'),(727,'Weindel','Julie','Mrs.',0,'../Images/DefaultStaff.jpg','changeme',12,'jweindel@parkwayschools.net'),(728,'Williamson','Andrea','Mrs.',0,'../Images/DefaultStaff.jpg','changeme',7,'awilliamson@parkwayschools.net'),(729,'Wilson','Nathan','Mr.',0,'../Images/DefaultStaff.jpg','changeme',2,'nwilson@parkwayschools.net'),(730,'Wright','Michael','Mr.',0,'../Images/DefaultStaff.jpg','changeme',11,'mwright@parkwayschools.net'),(731,'Adam','Brian','Mr.',0,'../Images/DefaultStaff.jpg','changeme',8,'badam@parkwayschools.net'),(732,'Anderson','Andrea','Mrs.',0,'../Images/DefaultStaff.jpg','changeme',3,'aanderson@parkwayschools.net'),(733,'Baker','Stephanie','Ms.',0,'../Images/DefaultStaff.jpg','changeme',8,'sbaker3@parkwayschools.net'),(734,'Banta','Ryan','Mr.',0,'../Images/DefaultStaff.jpg','changeme',8,'rbanta@parkwayschools.net'),(735,'Beal','Heather','Ms.',0,'../Images/DefaultStaff.jpg','changeme',2,'hbeal@parkwayschools.net'),(736,'Beazley','Matt','Mr.',0,'../Images/DefaultStaff.jpg','changeme',5,'mbeazley@parkwayschools.net'),(737,'Biggs','Nora','Mrs.',0,'../Images/DefaultStaff.jpg','changeme',3,'nbiggs@parkwayschools.net'),(738,'Bosomworth','Jeanette','Ms.',0,'../Images/DefaultStaff.jpg','changeme',4,'jbosomworth@parkwayschools.net'),(739,'Bradley','Joseph','Mr.',0,'../Images/DefaultStaff.jpg','changeme',5,'jbradley@parkwayschools.net'),(740,'Brown','Renell','Ms.',0,'../Images/DefaultStaff.jpg','changeme',4,'rbrown4@parkwayschools.net'),(741,'Burnett','Kathy','Ms.',0,'../Images/DefaultStaff.jpg','changeme',4,'kburnett@parkwayschools.net'),(742,'Byrd','Janell','Mrs.',0,'../Images/DefaultStaff.jpg','changeme',2,'jbyrd@parkwayschools.net'),(743,'Carr','Kimberly','Mrs.',0,'../Images/DefaultStaff.jpg','changeme',12,'kcarr@parkwayschools.net'),(744,'Caruso','Gina','Ms.',0,'../Images/DefaultStaff.jpg','changeme',2,'gcaruso@parkwayschools.net'),(745,'Deelo','Jaclyn','Ms.',0,'../Images/DefaultStaff.jpg','changeme',6,'jdeelo@parkwayschools.net'),(746,'Deffenbaugh','Cara','Ms.',0,'../Images/DefaultStaff.jpg','changeme',5,'cdeffenbaugh@parkwayschools.net'),(747,'Duffin','Alyce','Ms.',0,'../Images/DefaultStaff.jpg','changeme',3,'aduffin@parkwayschools.net'),(748,'Duncan','Nicole','Ms.',0,'../Images/DefaultStaff.jpg','changeme',4,'nduncan@parkwayschools.net'),(749,'Goldenberg','Mark','Mr.',0,'../Images/DefaultStaff.jpg','changeme',8,'mgoldenberg@parkwayschools.net'),(750,'Goodrich','Rene','Mrs.',0,'../Images/DefaultStaff.jpg','changeme',2,'rgoodrich@parkwayschools.net'),(751,'Grabow','Hilary','Ms.',0,'../Images/DefaultStaff.jpg','changeme',6,'hgrabow@parkwayschools.net'),(752,'Guilfoyle','Brian','Mr.',0,'../Images/DefaultStaff.jpg','changeme',5,'bguilfoyle@parkwayschools.net'),(753,'Haley','Colleen','Ms.',0,'../Images/DefaultStaff.jpg','changeme',3,'chaley@parkwayschools.net'),(754,'Halteman','Rick','Mr.',0,'../Images/DefaultStaff.jpg','changeme',2,'rhalteman@parkwayschools.net'),(755,'Herberger','Keith','Mr.',0,'../Images/DefaultStaff.jpg','changeme',8,'kherberger@parkwayschools.net'),(756,'Hoormann','Melissa','Mrs.',0,'../Images/DefaultStaff.jpg','changeme',2,'mhoormann@parkwayschools.net'),(757,'Hoover','Doug','Mr.',0,'../Images/DefaultStaff.jpg','changeme',5,'jhoover@parkwayschools.net'),(758,'Jafari','David','Mr.',0,'../Images/DefaultStaff.jpg','changeme',5,'djafari1@parkwayschools.net'),(759,'Johnson','Lee','Mr.',0,'../Images/DefaultStaff.jpg','changeme',4,'ljohnson3@parkwayschools.net'),(760,'Karfs','Beth','Ms.',0,'../Images/DefaultStaff.jpg','changeme',4,'bkarfs@parkwayschools.net'),(761,'Kazanecki','Thomas','Mr.',0,'../Images/DefaultStaff.jpg','changeme',4,'tkazanecki@parkwayschools.net'),(762,'Keating','Christy','Ms.',0,'../Images/DefaultStaff.jpg','changeme',7,'ckeating@parkwayschools.net'),(763,'Keller','Sue','Mrs.',0,'../Images/DefaultStaff.jpg','changeme',11,'skeller@parkwayschools.net'),(764,'Kelley','Shana','Ms.',0,'../Images/DefaultStaff.jpg','changeme',4,'skelley1@parkwayschools.net'),(765,'Kelty','Dan','Mr.',0,'../Images/DefaultStaff.jpg','changeme',7,'dkelty@parkwayschools.net'),(766,'Kim','Skylar','Mrs.',0,'../Images/DefaultStaff.jpg','changeme',8,'skim1@parkwayschools.net'),(767,'King','Ryan','Mr.',0,'../Images/DefaultStaff.jpg','changeme',12,'jking3@parkwayschools.net'),(768,'King','Ryan','Mr.',0,'../Images/DefaultStaff.jpg','changeme',4,'jking3@parkwayschools.net'),(769,'King','Susan','Dr.',0,'../Images/DefaultStaff.jpg','changeme',8,'sueking@parkwayschools.net'),(770,'Kirby','Rick','Mr.',0,'../Images/DefaultStaff.jpg','changeme',4,'rkirby@parkwayschools.net'),(771,'Krone','Cynthia','Mrs.',0,'../Images/DefaultStaff.jpg','changeme',3,'ckrone@parkwayschools.net'),(772,'Lehmann','Kurt','Mr.',0,'../Images/DefaultStaff.jpg','changeme',2,'klehmann@parkwayschools.net'),(773,'Loomis','Anilise','Mrs.',0,'../Images/DefaultStaff.jpg','changeme',3,'aloomis@parkwayschools.net'),(774,'Lovera','Jason','Mr.',0,'../Images/DefaultStaff.jpg','changeme',3,'jlovera@parkwayschools.net'),(775,'Lueken','Sarah','Ms.',0,'../Images/DefaultStaff.jpg','changeme',12,'slueken@parkwayschools.net'),(776,'Maloney','Cassandra','Ms.',0,'../Images/DefaultStaff.jpg','changeme',12,'cmaloney@parkwayschools.net'),(777,'Merriman','Hannah','Mrs.',0,'../Images/DefaultStaff.jpg','changeme',2,'hmerriman@parkwayschools.net'),(778,'Metropoulos','Kembra','Ms.',0,'../Images/DefaultStaff.jpg','changeme',3,'kmetropoulos@parkwayschools.net'),(779,'Meyer','Jennifer','Ms.',0,'../Images/DefaultStaff.jpg','changeme',4,'jmeyer3@parkwayschools.net'),(780,'Meyer','Meghan','Ms.',0,'../Images/DefaultStaff.jpg','changeme',11,'mmeyer@parkwayschools.net'),(781,'Michael','Laura','Mrs.',0,'../Images/DefaultStaff.jpg','changeme',3,'lmichael@parkwayschools.net'),(782,'Mueller','Aaron','Mr.',0,'../Images/DefaultStaff.jpg','changeme',11,'amueller@parkwayschools.net'),(783,'Mueller','Ron','Mr.',0,'../Images/DefaultStaff.jpg','changeme',7,'rmueller@parkwayschools.net'),(784,'O\'Leary','Terri','Ms.',0,'../Images/DefaultStaff.jpg','changeme',11,'toleary@parkwayschools.net'),(785,'Pannett','Todd','Mr.',0,'../Images/DefaultStaff.jpg','changeme',12,'tpannett@parkwayschools.net'),(786,'Papulis','Peter','Mr.',0,'../Images/DefaultStaff.jpg','changeme',2,'ppapulis@parkwayschools.net'),(787,'Patton','Joni','Mrs.',0,'../Images/DefaultStaff.jpg','changeme',8,'jpatton1@parkwayschools.net'),(788,'Perez','Annie','Ms.',0,'../Images/DefaultStaff.jpg','changeme',7,'aperez1@parkwayschools.net'),(789,'Piening','Mary','Ms.',0,'../Images/DefaultStaff.jpg','changeme',12,'mpiening@parkwayschools.net'),(790,'Pikaard','Matt','Mr.',0,'../Images/DefaultStaff.jpg','changeme',7,'mpikaard@parkwayschools.net'),(791,'Poole','Cameron','Mr.',0,'../Images/DefaultStaff.jpg','changeme',8,'cpoole@parkwayschools.net'),(792,'Ream','Kristin','Mrs.',0,'../Images/DefaultStaff.jpg','changeme',4,'kream@parkwayschools.net'),(793,'Reeves','Sarah','Ms.',0,'../Images/DefaultStaff.jpg','changeme',2,'sreeves1@parkwayschools.net'),(794,'Robertson','Brad','Mr.',0,'../Images/DefaultStaff.jpg','changeme',8,'brobertson1@parkwayschools.net'),(795,'Rudolph','Mattie','Ms.',0,'../Images/DefaultStaff.jpg','changeme',3,'mrudolph@parkwayschools.net'),(796,'Ruizdelarbol','Maureen','Mrs.',0,'../Images/DefaultStaff.jpg','changeme',7,'mruizdelarbol@parkwayschools.net'),(797,'Schaefer','Tom','Mr.',0,'../Images/DefaultStaff.jpg','changeme',2,'tschaefer@parkwayschools.net'),(798,'Schaefer','Christian','Mr.',0,'../Images/DefaultStaff.jpg','changeme',3,'cschaeffer@parkwayschools.net'),(799,'Schwent','Karen','Mrs.',0,'../Images/DefaultStaff.jpg','changeme',12,'kschwent@parkwayschools.net'),(800,'Sellers','Thomas','Mr.',0,'../Images/DefaultStaff.jpg','changeme',8,'tsellers@parkwayschools.net'),(801,'Silvermintz','Ben','Mr.',0,'../Images/DefaultStaff.jpg','changeme',5,'bsilvermintz@parkwayschools.net'),(802,'Staszcuk','Christie','Ms.',0,'../Images/DefaultStaff.jpg','changeme',7,'cstaszcuk@parkwayschools.net'),(803,'Stout','Christopher','Mr.',0,'../Images/DefaultStaff.jpg','changeme',3,'cstout@parkwayschools.net'),(804,'Stricker','Christine','Ms.',0,'../Images/DefaultStaff.jpg','changeme',3,'cstricker@parkwayschools.net'),(805,'Trecker','Linda','Ms.',0,'../Images/DefaultStaff.jpg','changeme',6,'ltrecker@parkwayschools.net'),(806,'Turnage','Lori','Ms.',0,'../Images/DefaultStaff.jpg','changeme',7,'lturnage@parkwayschools.net'),(807,'Voss','Nicole','Mrs.',0,'../Images/DefaultStaff.jpg','changeme',5,'nvoss@parkwayschools.net'),(808,'Weindel','Julie','Mrs.',0,'../Images/DefaultStaff.jpg','changeme',12,'jweindel@parkwayschools.net'),(809,'Williamson','Andrea','Mrs.',0,'../Images/DefaultStaff.jpg','changeme',7,'awilliamson@parkwayschools.net'),(810,'Wilson','Nathan','Mr.',0,'../Images/DefaultStaff.jpg','changeme',2,'nwilson@parkwayschools.net'),(811,'Wright','Michael','Mr.',0,'../Images/DefaultStaff.jpg','changeme',11,'mwright@parkwayschools.net'),(812,'Adam','Brian','Mr.',0,'../Images/DefaultStaff.jpg','changeme',8,'badam@parkwayschools.net'),(813,'Anderson','Andrea','Mrs.',0,'../Images/DefaultStaff.jpg','changeme',3,'aanderson@parkwayschools.net'),(814,'Baker','Stephanie','Ms.',0,'../Images/DefaultStaff.jpg','changeme',8,'sbaker3@parkwayschools.net'),(815,'Banta','Ryan','Mr.',0,'../Images/DefaultStaff.jpg','changeme',8,'rbanta@parkwayschools.net'),(816,'Beal','Heather','Ms.',0,'../Images/DefaultStaff.jpg','changeme',2,'hbeal@parkwayschools.net'),(817,'Beazley','Matt','Mr.',0,'../Images/DefaultStaff.jpg','changeme',5,'mbeazley@parkwayschools.net'),(818,'Biggs','Nora','Mrs.',0,'../Images/DefaultStaff.jpg','changeme',3,'nbiggs@parkwayschools.net'),(819,'Bosomworth','Jeanette','Ms.',0,'../Images/DefaultStaff.jpg','changeme',4,'jbosomworth@parkwayschools.net'),(820,'Bradley','Joseph','Mr.',0,'../Images/DefaultStaff.jpg','changeme',5,'jbradley@parkwayschools.net'),(821,'Brown','Renell','Ms.',0,'../Images/DefaultStaff.jpg','changeme',4,'rbrown4@parkwayschools.net'),(822,'Burnett','Kathy','Ms.',0,'../Images/DefaultStaff.jpg','changeme',4,'kburnett@parkwayschools.net'),(823,'Byrd','Janell','Mrs.',0,'../Images/DefaultStaff.jpg','changeme',2,'jbyrd@parkwayschools.net'),(824,'Carr','Kimberly','Mrs.',0,'../Images/DefaultStaff.jpg','changeme',12,'kcarr@parkwayschools.net'),(825,'Caruso','Gina','Ms.',0,'../Images/DefaultStaff.jpg','changeme',2,'gcaruso@parkwayschools.net'),(826,'Deelo','Jaclyn','Ms.',0,'../Images/DefaultStaff.jpg','changeme',6,'jdeelo@parkwayschools.net'),(827,'Deffenbaugh','Cara','Ms.',0,'../Images/DefaultStaff.jpg','changeme',5,'cdeffenbaugh@parkwayschools.net'),(828,'Duffin','Alyce','Ms.',0,'../Images/DefaultStaff.jpg','changeme',3,'aduffin@parkwayschools.net'),(829,'Duncan','Nicole','Ms.',0,'../Images/DefaultStaff.jpg','changeme',4,'nduncan@parkwayschools.net'),(830,'Goldenberg','Mark','Mr.',0,'../Images/DefaultStaff.jpg','changeme',8,'mgoldenberg@parkwayschools.net'),(831,'Goodrich','Rene','Mrs.',0,'../Images/DefaultStaff.jpg','changeme',2,'rgoodrich@parkwayschools.net'),(832,'Grabow','Hilary','Ms.',0,'../Images/DefaultStaff.jpg','changeme',6,'hgrabow@parkwayschools.net'),(833,'Guilfoyle','Brian','Mr.',0,'../Images/DefaultStaff.jpg','changeme',5,'bguilfoyle@parkwayschools.net'),(834,'Haley','Colleen','Ms.',0,'../Images/DefaultStaff.jpg','changeme',3,'chaley@parkwayschools.net'),(835,'Halteman','Rick','Mr.',0,'../Images/DefaultStaff.jpg','changeme',2,'rhalteman@parkwayschools.net'),(836,'Herberger','Keith','Mr.',0,'../Images/DefaultStaff.jpg','changeme',8,'kherberger@parkwayschools.net'),(837,'Hoormann','Melissa','Mrs.',0,'../Images/DefaultStaff.jpg','changeme',2,'mhoormann@parkwayschools.net'),(838,'Hoover','Doug','Mr.',0,'../Images/DefaultStaff.jpg','changeme',5,'jhoover@parkwayschools.net'),(839,'Jafari','David','Mr.',0,'../Images/DefaultStaff.jpg','changeme',5,'djafari1@parkwayschools.net'),(840,'Johnson','Lee','Mr.',0,'../Images/DefaultStaff.jpg','changeme',4,'ljohnson3@parkwayschools.net'),(841,'Karfs','Beth','Ms.',0,'../Images/DefaultStaff.jpg','changeme',4,'bkarfs@parkwayschools.net'),(842,'Kazanecki','Thomas','Mr.',0,'../Images/DefaultStaff.jpg','changeme',4,'tkazanecki@parkwayschools.net'),(843,'Keating','Christy','Ms.',0,'../Images/DefaultStaff.jpg','changeme',7,'ckeating@parkwayschools.net'),(844,'Keller','Sue','Mrs.',0,'../Images/DefaultStaff.jpg','changeme',11,'skeller@parkwayschools.net'),(845,'Kelley','Shana','Ms.',0,'../Images/DefaultStaff.jpg','changeme',4,'skelley1@parkwayschools.net'),(846,'Kelty','Dan','Mr.',0,'../Images/DefaultStaff.jpg','changeme',7,'dkelty@parkwayschools.net'),(847,'Kim','Skylar','Mrs.',0,'../Images/DefaultStaff.jpg','changeme',8,'skim1@parkwayschools.net'),(848,'King','Ryan','Mr.',0,'../Images/DefaultStaff.jpg','changeme',12,'jking3@parkwayschools.net'),(849,'King','Ryan','Mr.',0,'../Images/DefaultStaff.jpg','changeme',4,'jking3@parkwayschools.net'),(850,'King','Susan','Dr.',0,'../Images/DefaultStaff.jpg','changeme',8,'sueking@parkwayschools.net'),(851,'Kirby','Rick','Mr.',0,'../Images/DefaultStaff.jpg','changeme',4,'rkirby@parkwayschools.net'),(852,'Krone','Cynthia','Mrs.',0,'../Images/DefaultStaff.jpg','changeme',3,'ckrone@parkwayschools.net'),(853,'Lehmann','Kurt','Mr.',0,'../Images/DefaultStaff.jpg','changeme',2,'klehmann@parkwayschools.net'),(854,'Loomis','Anilise','Mrs.',0,'../Images/DefaultStaff.jpg','changeme',3,'aloomis@parkwayschools.net'),(855,'Lovera','Jason','Mr.',0,'../Images/DefaultStaff.jpg','changeme',3,'jlovera@parkwayschools.net'),(856,'Lueken','Sarah','Ms.',0,'../Images/DefaultStaff.jpg','changeme',12,'slueken@parkwayschools.net'),(857,'Maloney','Cassandra','Ms.',0,'../Images/DefaultStaff.jpg','changeme',12,'cmaloney@parkwayschools.net'),(858,'Merriman','Hannah','Mrs.',0,'../Images/DefaultStaff.jpg','changeme',2,'hmerriman@parkwayschools.net'),(859,'Metropoulos','Kembra','Ms.',0,'../Images/DefaultStaff.jpg','changeme',3,'kmetropoulos@parkwayschools.net'),(860,'Meyer','Jennifer','Ms.',0,'../Images/DefaultStaff.jpg','changeme',4,'jmeyer3@parkwayschools.net'),(861,'Meyer','Meghan','Ms.',0,'../Images/DefaultStaff.jpg','changeme',11,'mmeyer@parkwayschools.net'),(862,'Michael','Laura','Mrs.',0,'../Images/DefaultStaff.jpg','changeme',3,'lmichael@parkwayschools.net'),(863,'Mueller','Aaron','Mr.',0,'../Images/DefaultStaff.jpg','changeme',11,'amueller@parkwayschools.net'),(864,'Mueller','Ron','Mr.',0,'../Images/DefaultStaff.jpg','changeme',7,'rmueller@parkwayschools.net'),(865,'O\'Leary','Terri','Ms.',0,'../Images/DefaultStaff.jpg','changeme',11,'toleary@parkwayschools.net'),(866,'Pannett','Todd','Mr.',0,'../Images/DefaultStaff.jpg','changeme',12,'tpannett@parkwayschools.net'),(867,'Papulis','Peter','Mr.',0,'../Images/DefaultStaff.jpg','changeme',2,'ppapulis@parkwayschools.net'),(868,'Patton','Joni','Mrs.',0,'../Images/DefaultStaff.jpg','changeme',8,'jpatton1@parkwayschools.net'),(869,'Perez','Annie','Ms.',0,'../Images/DefaultStaff.jpg','changeme',7,'aperez1@parkwayschools.net'),(870,'Piening','Mary','Ms.',0,'../Images/DefaultStaff.jpg','changeme',12,'mpiening@parkwayschools.net'),(871,'Pikaard','Matt','Mr.',0,'../Images/DefaultStaff.jpg','changeme',7,'mpikaard@parkwayschools.net'),(872,'Poole','Cameron','Mr.',0,'../Images/DefaultStaff.jpg','changeme',8,'cpoole@parkwayschools.net'),(873,'Ream','Kristin','Mrs.',0,'../Images/DefaultStaff.jpg','changeme',4,'kream@parkwayschools.net'),(874,'Reeves','Sarah','Ms.',0,'../Images/DefaultStaff.jpg','changeme',2,'sreeves1@parkwayschools.net'),(875,'Robertson','Brad','Mr.',0,'../Images/DefaultStaff.jpg','changeme',8,'brobertson1@parkwayschools.net'),(876,'Rudolph','Mattie','Ms.',0,'../Images/DefaultStaff.jpg','changeme',3,'mrudolph@parkwayschools.net'),(877,'Ruizdelarbol','Maureen','Mrs.',0,'../Images/DefaultStaff.jpg','changeme',7,'mruizdelarbol@parkwayschools.net'),(878,'Schaefer','Tom','Mr.',0,'../Images/DefaultStaff.jpg','changeme',2,'tschaefer@parkwayschools.net'),(879,'Schaefer','Christian','Mr.',0,'../Images/DefaultStaff.jpg','changeme',3,'cschaeffer@parkwayschools.net'),(880,'Schwent','Karen','Mrs.',0,'../Images/DefaultStaff.jpg','changeme',12,'kschwent@parkwayschools.net'),(881,'Sellers','Thomas','Mr.',0,'../Images/DefaultStaff.jpg','changeme',8,'tsellers@parkwayschools.net'),(882,'Silvermintz','Ben','Mr.',0,'../Images/DefaultStaff.jpg','changeme',5,'bsilvermintz@parkwayschools.net'),(883,'Staszcuk','Christie','Ms.',0,'../Images/DefaultStaff.jpg','changeme',7,'cstaszcuk@parkwayschools.net'),(884,'Stout','Christopher','Mr.',0,'../Images/DefaultStaff.jpg','changeme',3,'cstout@parkwayschools.net'),(885,'Stricker','Christine','Ms.',0,'../Images/DefaultStaff.jpg','changeme',3,'cstricker@parkwayschools.net'),(886,'Trecker','Linda','Ms.',0,'../Images/DefaultStaff.jpg','changeme',6,'ltrecker@parkwayschools.net'),(887,'Turnage','Lori','Ms.',0,'../Images/DefaultStaff.jpg','changeme',7,'lturnage@parkwayschools.net'),(888,'Voss','Nicole','Mrs.',0,'../Images/DefaultStaff.jpg','changeme',5,'nvoss@parkwayschools.net'),(889,'Weindel','Julie','Mrs.',0,'../Images/DefaultStaff.jpg','changeme',12,'jweindel@parkwayschools.net'),(890,'Williamson','Andrea','Mrs.',0,'../Images/DefaultStaff.jpg','changeme',7,'awilliamson@parkwayschools.net'),(891,'Wilson','Nathan','Mr.',0,'../Images/DefaultStaff.jpg','changeme',2,'nwilson@parkwayschools.net'),(892,'Wright','Michael','Mr.',0,'../Images/DefaultStaff.jpg','changeme',11,'mwright@parkwayschools.net'),(893,'Adam','Brian','Mr.',0,'../Images/DefaultStaff.jpg','changeme',8,'badam@parkwayschools.net'),(894,'Anderson','Andrea','Mrs.',0,'../Images/DefaultStaff.jpg','changeme',3,'aanderson@parkwayschools.net'),(895,'Baker','Stephanie','Ms.',0,'../Images/DefaultStaff.jpg','changeme',8,'sbaker3@parkwayschools.net'),(896,'Banta','Ryan','Mr.',0,'../Images/DefaultStaff.jpg','changeme',8,'rbanta@parkwayschools.net'),(897,'Beal','Heather','Ms.',0,'../Images/DefaultStaff.jpg','changeme',2,'hbeal@parkwayschools.net'),(898,'Beazley','Matt','Mr.',0,'../Images/DefaultStaff.jpg','changeme',5,'mbeazley@parkwayschools.net'),(899,'Biggs','Nora','Mrs.',0,'../Images/DefaultStaff.jpg','changeme',3,'nbiggs@parkwayschools.net'),(900,'Bosomworth','Jeanette','Ms.',0,'../Images/DefaultStaff.jpg','changeme',4,'jbosomworth@parkwayschools.net'),(901,'Bradley','Joseph','Mr.',0,'../Images/DefaultStaff.jpg','changeme',5,'jbradley@parkwayschools.net'),(902,'Brown','Renell','Ms.',0,'../Images/DefaultStaff.jpg','changeme',4,'rbrown4@parkwayschools.net'),(903,'Burnett','Kathy','Ms.',0,'../Images/DefaultStaff.jpg','changeme',4,'kburnett@parkwayschools.net'),(904,'Byrd','Janell','Mrs.',0,'../Images/DefaultStaff.jpg','changeme',2,'jbyrd@parkwayschools.net'),(905,'Carr','Kimberly','Mrs.',0,'../Images/DefaultStaff.jpg','changeme',12,'kcarr@parkwayschools.net'),(906,'Caruso','Gina','Ms.',0,'../Images/DefaultStaff.jpg','changeme',2,'gcaruso@parkwayschools.net'),(907,'Deelo','Jaclyn','Ms.',0,'../Images/DefaultStaff.jpg','changeme',6,'jdeelo@parkwayschools.net'),(908,'Deffenbaugh','Cara','Ms.',0,'../Images/DefaultStaff.jpg','changeme',5,'cdeffenbaugh@parkwayschools.net'),(909,'Duffin','Alyce','Ms.',0,'../Images/DefaultStaff.jpg','changeme',3,'aduffin@parkwayschools.net'),(910,'Duncan','Nicole','Ms.',0,'../Images/DefaultStaff.jpg','changeme',4,'nduncan@parkwayschools.net'),(911,'Goldenberg','Mark','Mr.',0,'../Images/DefaultStaff.jpg','changeme',8,'mgoldenberg@parkwayschools.net'),(912,'Goodrich','Rene','Mrs.',0,'../Images/DefaultStaff.jpg','changeme',2,'rgoodrich@parkwayschools.net'),(913,'Grabow','Hilary','Ms.',0,'../Images/DefaultStaff.jpg','changeme',6,'hgrabow@parkwayschools.net'),(914,'Guilfoyle','Brian','Mr.',0,'../Images/DefaultStaff.jpg','changeme',5,'bguilfoyle@parkwayschools.net'),(915,'Haley','Colleen','Ms.',0,'../Images/DefaultStaff.jpg','changeme',3,'chaley@parkwayschools.net'),(916,'Halteman','Rick','Mr.',0,'../Images/DefaultStaff.jpg','changeme',2,'rhalteman@parkwayschools.net'),(917,'Herberger','Keith','Mr.',0,'../Images/DefaultStaff.jpg','changeme',8,'kherberger@parkwayschools.net'),(918,'Hoormann','Melissa','Mrs.',0,'../Images/DefaultStaff.jpg','changeme',2,'mhoormann@parkwayschools.net'),(919,'Hoover','Doug','Mr.',0,'../Images/DefaultStaff.jpg','changeme',5,'jhoover@parkwayschools.net'),(920,'Jafari','David','Mr.',0,'../Images/DefaultStaff.jpg','changeme',5,'djafari1@parkwayschools.net'),(921,'Johnson','Lee','Mr.',0,'../Images/DefaultStaff.jpg','changeme',4,'ljohnson3@parkwayschools.net'),(922,'Karfs','Beth','Ms.',0,'../Images/DefaultStaff.jpg','changeme',4,'bkarfs@parkwayschools.net'),(923,'Kazanecki','Thomas','Mr.',0,'../Images/DefaultStaff.jpg','changeme',4,'tkazanecki@parkwayschools.net'),(924,'Keating','Christy','Ms.',0,'../Images/DefaultStaff.jpg','changeme',7,'ckeating@parkwayschools.net'),(925,'Keller','Sue','Mrs.',0,'../Images/DefaultStaff.jpg','changeme',11,'skeller@parkwayschools.net'),(926,'Kelley','Shana','Ms.',0,'../Images/DefaultStaff.jpg','changeme',4,'skelley1@parkwayschools.net'),(927,'Kelty','Dan','Mr.',0,'../Images/DefaultStaff.jpg','changeme',7,'dkelty@parkwayschools.net'),(928,'Kim','Skylar','Mrs.',0,'../Images/DefaultStaff.jpg','changeme',8,'skim1@parkwayschools.net'),(929,'King','Ryan','Mr.',0,'../Images/DefaultStaff.jpg','changeme',12,'jking3@parkwayschools.net'),(930,'King','Ryan','Mr.',0,'../Images/DefaultStaff.jpg','changeme',4,'jking3@parkwayschools.net'),(931,'King','Susan','Dr.',0,'../Images/DefaultStaff.jpg','changeme',8,'sueking@parkwayschools.net'),(932,'Kirby','Rick','Mr.',0,'../Images/DefaultStaff.jpg','changeme',4,'rkirby@parkwayschools.net'),(933,'Krone','Cynthia','Mrs.',0,'../Images/DefaultStaff.jpg','changeme',3,'ckrone@parkwayschools.net'),(934,'Lehmann','Kurt','Mr.',0,'../Images/DefaultStaff.jpg','changeme',2,'klehmann@parkwayschools.net'),(935,'Loomis','Anilise','Mrs.',0,'../Images/DefaultStaff.jpg','changeme',3,'aloomis@parkwayschools.net'),(936,'Lovera','Jason','Mr.',0,'../Images/DefaultStaff.jpg','changeme',3,'jlovera@parkwayschools.net'),(937,'Lueken','Sarah','Ms.',0,'../Images/DefaultStaff.jpg','changeme',12,'slueken@parkwayschools.net'),(938,'Maloney','Cassandra','Ms.',0,'../Images/DefaultStaff.jpg','changeme',12,'cmaloney@parkwayschools.net'),(939,'Merriman','Hannah','Mrs.',0,'../Images/DefaultStaff.jpg','changeme',2,'hmerriman@parkwayschools.net'),(940,'Metropoulos','Kembra','Ms.',0,'../Images/DefaultStaff.jpg','changeme',3,'kmetropoulos@parkwayschools.net'),(941,'Meyer','Jennifer','Ms.',0,'../Images/DefaultStaff.jpg','changeme',4,'jmeyer3@parkwayschools.net'),(942,'Meyer','Meghan','Ms.',0,'../Images/DefaultStaff.jpg','changeme',11,'mmeyer@parkwayschools.net'),(943,'Michael','Laura','Mrs.',0,'../Images/DefaultStaff.jpg','changeme',3,'lmichael@parkwayschools.net'),(944,'Mueller','Aaron','Mr.',0,'../Images/DefaultStaff.jpg','changeme',11,'amueller@parkwayschools.net'),(945,'Mueller','Ron','Mr.',0,'../Images/DefaultStaff.jpg','changeme',7,'rmueller@parkwayschools.net'),(946,'O\'Leary','Terri','Ms.',0,'../Images/DefaultStaff.jpg','changeme',11,'toleary@parkwayschools.net'),(947,'Pannett','Todd','Mr.',0,'../Images/DefaultStaff.jpg','changeme',12,'tpannett@parkwayschools.net'),(948,'Papulis','Peter','Mr.',0,'../Images/DefaultStaff.jpg','changeme',2,'ppapulis@parkwayschools.net'),(949,'Patton','Joni','Mrs.',0,'../Images/DefaultStaff.jpg','changeme',8,'jpatton1@parkwayschools.net'),(950,'Perez','Annie','Ms.',0,'../Images/DefaultStaff.jpg','changeme',7,'aperez1@parkwayschools.net'),(951,'Piening','Mary','Ms.',0,'../Images/DefaultStaff.jpg','changeme',12,'mpiening@parkwayschools.net'),(952,'Pikaard','Matt','Mr.',0,'../Images/DefaultStaff.jpg','changeme',7,'mpikaard@parkwayschools.net'),(953,'Poole','Cameron','Mr.',0,'../Images/DefaultStaff.jpg','changeme',8,'cpoole@parkwayschools.net'),(954,'Ream','Kristin','Mrs.',0,'../Images/DefaultStaff.jpg','changeme',4,'kream@parkwayschools.net'),(955,'Reeves','Sarah','Ms.',0,'../Images/DefaultStaff.jpg','changeme',2,'sreeves1@parkwayschools.net'),(956,'Robertson','Brad','Mr.',0,'../Images/DefaultStaff.jpg','changeme',8,'brobertson1@parkwayschools.net'),(957,'Rudolph','Mattie','Ms.',0,'../Images/DefaultStaff.jpg','changeme',3,'mrudolph@parkwayschools.net'),(958,'Ruizdelarbol','Maureen','Mrs.',0,'../Images/DefaultStaff.jpg','changeme',7,'mruizdelarbol@parkwayschools.net'),(959,'Schaefer','Tom','Mr.',0,'../Images/DefaultStaff.jpg','changeme',2,'tschaefer@parkwayschools.net'),(960,'Schaefer','Christian','Mr.',0,'../Images/DefaultStaff.jpg','changeme',3,'cschaeffer@parkwayschools.net'),(961,'Schwent','Karen','Mrs.',0,'../Images/DefaultStaff.jpg','changeme',12,'kschwent@parkwayschools.net'),(962,'Sellers','Thomas','Mr.',0,'../Images/DefaultStaff.jpg','changeme',8,'tsellers@parkwayschools.net'),(963,'Silvermintz','Ben','Mr.',0,'../Images/DefaultStaff.jpg','changeme',5,'bsilvermintz@parkwayschools.net'),(964,'Staszcuk','Christie','Ms.',0,'../Images/DefaultStaff.jpg','changeme',7,'cstaszcuk@parkwayschools.net'),(965,'Stout','Christopher','Mr.',0,'../Images/DefaultStaff.jpg','changeme',3,'cstout@parkwayschools.net'),(966,'Stricker','Christine','Ms.',0,'../Images/DefaultStaff.jpg','changeme',3,'cstricker@parkwayschools.net'),(967,'Trecker','Linda','Ms.',0,'../Images/DefaultStaff.jpg','changeme',6,'ltrecker@parkwayschools.net'),(968,'Turnage','Lori','Ms.',0,'../Images/DefaultStaff.jpg','changeme',7,'lturnage@parkwayschools.net'),(969,'Voss','Nicole','Mrs.',0,'../Images/DefaultStaff.jpg','changeme',5,'nvoss@parkwayschools.net'),(970,'Weindel','Julie','Mrs.',0,'../Images/DefaultStaff.jpg','changeme',12,'jweindel@parkwayschools.net'),(971,'Williamson','Andrea','Mrs.',0,'../Images/DefaultStaff.jpg','changeme',7,'awilliamson@parkwayschools.net'),(972,'Wilson','Nathan','Mr.',0,'../Images/DefaultStaff.jpg','changeme',2,'nwilson@parkwayschools.net'),(973,'Wright','Michael','Mr.',0,'../Images/DefaultStaff.jpg','changeme',11,'mwright@parkwayschools.net'),(974,'Adam','Brian','Mr.',0,'../Images/DefaultStaff.jpg','changeme',8,'badam@parkwayschools.net'),(975,'Anderson','Andrea','Mrs.',0,'../Images/DefaultStaff.jpg','changeme',3,'aanderson@parkwayschools.net'),(976,'Baker','Stephanie','Ms.',0,'../Images/DefaultStaff.jpg','changeme',8,'sbaker3@parkwayschools.net'),(977,'Banta','Ryan','Mr.',0,'../Images/DefaultStaff.jpg','changeme',8,'rbanta@parkwayschools.net'),(978,'Beal','Heather','Ms.',0,'../Images/DefaultStaff.jpg','changeme',2,'hbeal@parkwayschools.net'),(979,'Beazley','Matt','Mr.',0,'../Images/DefaultStaff.jpg','changeme',5,'mbeazley@parkwayschools.net'),(980,'Biggs','Nora','Mrs.',0,'../Images/DefaultStaff.jpg','changeme',3,'nbiggs@parkwayschools.net'),(981,'Bosomworth','Jeanette','Ms.',0,'../Images/DefaultStaff.jpg','changeme',4,'jbosomworth@parkwayschools.net'),(982,'Bradley','Joseph','Mr.',0,'../Images/DefaultStaff.jpg','changeme',5,'jbradley@parkwayschools.net'),(983,'Brown','Renell','Ms.',0,'../Images/DefaultStaff.jpg','changeme',4,'rbrown4@parkwayschools.net'),(984,'Burnett','Kathy','Ms.',0,'../Images/DefaultStaff.jpg','changeme',4,'kburnett@parkwayschools.net'),(985,'Byrd','Janell','Mrs.',0,'../Images/DefaultStaff.jpg','changeme',2,'jbyrd@parkwayschools.net'),(986,'Carr','Kimberly','Mrs.',0,'../Images/DefaultStaff.jpg','changeme',12,'kcarr@parkwayschools.net'),(987,'Caruso','Gina','Ms.',0,'../Images/DefaultStaff.jpg','changeme',2,'gcaruso@parkwayschools.net'),(988,'Deelo','Jaclyn','Ms.',0,'../Images/DefaultStaff.jpg','changeme',6,'jdeelo@parkwayschools.net'),(989,'Deffenbaugh','Cara','Ms.',0,'../Images/DefaultStaff.jpg','changeme',5,'cdeffenbaugh@parkwayschools.net'),(990,'Duffin','Alyce','Ms.',0,'../Images/DefaultStaff.jpg','changeme',3,'aduffin@parkwayschools.net'),(991,'Duncan','Nicole','Ms.',0,'../Images/DefaultStaff.jpg','changeme',4,'nduncan@parkwayschools.net'),(992,'Goldenberg','Mark','Mr.',0,'../Images/DefaultStaff.jpg','changeme',8,'mgoldenberg@parkwayschools.net'),(993,'Goodrich','Rene','Mrs.',0,'../Images/DefaultStaff.jpg','changeme',2,'rgoodrich@parkwayschools.net'),(994,'Grabow','Hilary','Ms.',0,'../Images/DefaultStaff.jpg','changeme',6,'hgrabow@parkwayschools.net'),(995,'Guilfoyle','Brian','Mr.',0,'../Images/DefaultStaff.jpg','changeme',5,'bguilfoyle@parkwayschools.net'),(996,'Haley','Colleen','Ms.',0,'../Images/DefaultStaff.jpg','changeme',3,'chaley@parkwayschools.net'),(997,'Halteman','Rick','Mr.',0,'../Images/DefaultStaff.jpg','changeme',2,'rhalteman@parkwayschools.net'),(998,'Herberger','Keith','Mr.',0,'../Images/DefaultStaff.jpg','changeme',8,'kherberger@parkwayschools.net'),(999,'Hoormann','Melissa','Mrs.',0,'../Images/DefaultStaff.jpg','changeme',2,'mhoormann@parkwayschools.net'),(1000,'Hoover','Doug','Mr.',0,'../Images/DefaultStaff.jpg','changeme',5,'jhoover@parkwayschools.net'),(1001,'Jafari','David','Mr.',0,'../Images/DefaultStaff.jpg','changeme',5,'djafari1@parkwayschools.net'),(1002,'Johnson','Lee','Mr.',0,'../Images/DefaultStaff.jpg','changeme',4,'ljohnson3@parkwayschools.net'),(1003,'Karfs','Beth','Ms.',0,'../Images/DefaultStaff.jpg','changeme',4,'bkarfs@parkwayschools.net'),(1004,'Kazanecki','Thomas','Mr.',0,'../Images/DefaultStaff.jpg','changeme',4,'tkazanecki@parkwayschools.net'),(1005,'Keating','Christy','Ms.',0,'../Images/DefaultStaff.jpg','changeme',7,'ckeating@parkwayschools.net'),(1006,'Keller','Sue','Mrs.',0,'../Images/DefaultStaff.jpg','changeme',11,'skeller@parkwayschools.net'),(1007,'Kelley','Shana','Ms.',0,'../Images/DefaultStaff.jpg','changeme',4,'skelley1@parkwayschools.net'),(1008,'Kelty','Dan','Mr.',0,'../Images/DefaultStaff.jpg','changeme',7,'dkelty@parkwayschools.net'),(1009,'Kim','Skylar','Mrs.',0,'../Images/DefaultStaff.jpg','changeme',8,'skim1@parkwayschools.net'),(1010,'King','Ryan','Mr.',0,'../Images/DefaultStaff.jpg','changeme',12,'jking3@parkwayschools.net'),(1011,'King','Ryan','Mr.',0,'../Images/DefaultStaff.jpg','changeme',4,'jking3@parkwayschools.net'),(1012,'King','Susan','Dr.',0,'../Images/DefaultStaff.jpg','changeme',8,'sueking@parkwayschools.net'),(1013,'Kirby','Rick','Mr.',0,'../Images/DefaultStaff.jpg','changeme',4,'rkirby@parkwayschools.net'),(1014,'Krone','Cynthia','Mrs.',0,'../Images/DefaultStaff.jpg','changeme',3,'ckrone@parkwayschools.net'),(1015,'Lehmann','Kurt','Mr.',0,'../Images/DefaultStaff.jpg','changeme',2,'klehmann@parkwayschools.net'),(1016,'Loomis','Anilise','Mrs.',0,'../Images/DefaultStaff.jpg','changeme',3,'aloomis@parkwayschools.net'),(1017,'Lovera','Jason','Mr.',0,'../Images/DefaultStaff.jpg','changeme',3,'jlovera@parkwayschools.net'),(1018,'Lueken','Sarah','Ms.',0,'../Images/DefaultStaff.jpg','changeme',12,'slueken@parkwayschools.net'),(1019,'Maloney','Cassandra','Ms.',0,'../Images/DefaultStaff.jpg','changeme',12,'cmaloney@parkwayschools.net'),(1020,'Merriman','Hannah','Mrs.',0,'../Images/DefaultStaff.jpg','changeme',2,'hmerriman@parkwayschools.net'),(1021,'Metropoulos','Kembra','Ms.',0,'../Images/DefaultStaff.jpg','changeme',3,'kmetropoulos@parkwayschools.net'),(1022,'Meyer','Jennifer','Ms.',0,'../Images/DefaultStaff.jpg','changeme',4,'jmeyer3@parkwayschools.net'),(1023,'Meyer','Meghan','Ms.',0,'../Images/DefaultStaff.jpg','changeme',11,'mmeyer@parkwayschools.net'),(1024,'Michael','Laura','Mrs.',0,'../Images/DefaultStaff.jpg','changeme',3,'lmichael@parkwayschools.net'),(1025,'Mueller','Aaron','Mr.',0,'../Images/DefaultStaff.jpg','changeme',11,'amueller@parkwayschools.net'),(1026,'Mueller','Ron','Mr.',0,'../Images/DefaultStaff.jpg','changeme',7,'rmueller@parkwayschools.net'),(1027,'O\'Leary','Terri','Ms.',0,'../Images/DefaultStaff.jpg','changeme',11,'toleary@parkwayschools.net'),(1028,'Pannett','Todd','Mr.',0,'../Images/DefaultStaff.jpg','changeme',12,'tpannett@parkwayschools.net'),(1029,'Papulis','Peter','Mr.',0,'../Images/DefaultStaff.jpg','changeme',2,'ppapulis@parkwayschools.net'),(1030,'Patton','Joni','Mrs.',0,'../Images/DefaultStaff.jpg','changeme',8,'jpatton1@parkwayschools.net'),(1031,'Perez','Annie','Ms.',0,'../Images/DefaultStaff.jpg','changeme',7,'aperez1@parkwayschools.net'),(1032,'Piening','Mary','Ms.',0,'../Images/DefaultStaff.jpg','changeme',12,'mpiening@parkwayschools.net'),(1033,'Pikaard','Matt','Mr.',0,'../Images/DefaultStaff.jpg','changeme',7,'mpikaard@parkwayschools.net'),(1034,'Poole','Cameron','Mr.',0,'../Images/DefaultStaff.jpg','changeme',8,'cpoole@parkwayschools.net'),(1035,'Ream','Kristin','Mrs.',0,'../Images/DefaultStaff.jpg','changeme',4,'kream@parkwayschools.net'),(1036,'Reeves','Sarah','Ms.',0,'../Images/DefaultStaff.jpg','changeme',2,'sreeves1@parkwayschools.net'),(1037,'Robertson','Brad','Mr.',0,'../Images/DefaultStaff.jpg','changeme',8,'brobertson1@parkwayschools.net'),(1038,'Rudolph','Mattie','Ms.',0,'../Images/DefaultStaff.jpg','changeme',3,'mrudolph@parkwayschools.net'),(1039,'Ruizdelarbol','Maureen','Mrs.',0,'../Images/DefaultStaff.jpg','changeme',7,'mruizdelarbol@parkwayschools.net'),(1040,'Schaefer','Tom','Mr.',0,'../Images/DefaultStaff.jpg','changeme',2,'tschaefer@parkwayschools.net'),(1041,'Schaefer','Christian','Mr.',0,'../Images/DefaultStaff.jpg','changeme',3,'cschaeffer@parkwayschools.net'),(1042,'Schwent','Karen','Mrs.',0,'../Images/DefaultStaff.jpg','changeme',12,'kschwent@parkwayschools.net'),(1043,'Sellers','Thomas','Mr.',0,'../Images/DefaultStaff.jpg','changeme',8,'tsellers@parkwayschools.net'),(1044,'Silvermintz','Ben','Mr.',0,'../Images/DefaultStaff.jpg','changeme',5,'bsilvermintz@parkwayschools.net'),(1045,'Staszcuk','Christie','Ms.',0,'../Images/DefaultStaff.jpg','changeme',7,'cstaszcuk@parkwayschools.net'),(1046,'Stout','Christopher','Mr.',0,'../Images/DefaultStaff.jpg','changeme',3,'cstout@parkwayschools.net'),(1047,'Stricker','Christine','Ms.',0,'../Images/DefaultStaff.jpg','changeme',3,'cstricker@parkwayschools.net'),(1048,'Trecker','Linda','Ms.',0,'../Images/DefaultStaff.jpg','changeme',6,'ltrecker@parkwayschools.net'),(1049,'Turnage','Lori','Ms.',0,'../Images/DefaultStaff.jpg','changeme',7,'lturnage@parkwayschools.net'),(1050,'Voss','Nicole','Mrs.',0,'../Images/DefaultStaff.jpg','changeme',5,'nvoss@parkwayschools.net'),(1051,'Weindel','Julie','Mrs.',0,'../Images/DefaultStaff.jpg','changeme',12,'jweindel@parkwayschools.net'),(1052,'Williamson','Andrea','Mrs.',0,'../Images/DefaultStaff.jpg','changeme',7,'awilliamson@parkwayschools.net'),(1053,'Wilson','Nathan','Mr.',0,'../Images/DefaultStaff.jpg','changeme',2,'nwilson@parkwayschools.net'),(1054,'Wright','Michael','Mr.',0,'../Images/DefaultStaff.jpg','changeme',11,'mwright@parkwayschools.net'),(1055,'Adam','Brian','Mr.',0,'../Images/DefaultStaff.jpg','changeme',8,'badam@parkwayschools.net'),(1056,'Anderson','Andrea','Mrs.',0,'../Images/DefaultStaff.jpg','changeme',3,'aanderson@parkwayschools.net'),(1057,'Baker','Stephanie','Ms.',0,'../Images/DefaultStaff.jpg','changeme',8,'sbaker3@parkwayschools.net'),(1058,'Banta','Ryan','Mr.',0,'../Images/DefaultStaff.jpg','changeme',8,'rbanta@parkwayschools.net'),(1059,'Beal','Heather','Ms.',0,'../Images/DefaultStaff.jpg','changeme',2,'hbeal@parkwayschools.net'),(1060,'Beazley','Matt','Mr.',0,'../Images/DefaultStaff.jpg','changeme',5,'mbeazley@parkwayschools.net'),(1061,'Biggs','Nora','Mrs.',0,'../Images/DefaultStaff.jpg','changeme',3,'nbiggs@parkwayschools.net'),(1062,'Bosomworth','Jeanette','Ms.',0,'../Images/DefaultStaff.jpg','changeme',4,'jbosomworth@parkwayschools.net'),(1063,'Bradley','Joseph','Mr.',0,'../Images/DefaultStaff.jpg','changeme',5,'jbradley@parkwayschools.net'),(1064,'Brown','Renell','Ms.',0,'../Images/DefaultStaff.jpg','changeme',4,'rbrown4@parkwayschools.net'),(1065,'Burnett','Kathy','Ms.',0,'../Images/DefaultStaff.jpg','changeme',4,'kburnett@parkwayschools.net'),(1066,'Byrd','Janell','Mrs.',0,'../Images/DefaultStaff.jpg','changeme',2,'jbyrd@parkwayschools.net'),(1067,'Carr','Kimberly','Mrs.',0,'../Images/DefaultStaff.jpg','changeme',12,'kcarr@parkwayschools.net'),(1068,'Caruso','Gina','Ms.',0,'../Images/DefaultStaff.jpg','changeme',2,'gcaruso@parkwayschools.net'),(1069,'Deelo','Jaclyn','Ms.',0,'../Images/DefaultStaff.jpg','changeme',6,'jdeelo@parkwayschools.net'),(1070,'Deffenbaugh','Cara','Ms.',0,'../Images/DefaultStaff.jpg','changeme',5,'cdeffenbaugh@parkwayschools.net'),(1071,'Duffin','Alyce','Ms.',0,'../Images/DefaultStaff.jpg','changeme',3,'aduffin@parkwayschools.net'),(1072,'Duncan','Nicole','Ms.',0,'../Images/DefaultStaff.jpg','changeme',4,'nduncan@parkwayschools.net'),(1073,'Goldenberg','Mark','Mr.',0,'../Images/DefaultStaff.jpg','changeme',8,'mgoldenberg@parkwayschools.net'),(1074,'Goodrich','Rene','Mrs.',0,'../Images/DefaultStaff.jpg','changeme',2,'rgoodrich@parkwayschools.net'),(1075,'Grabow','Hilary','Ms.',0,'../Images/DefaultStaff.jpg','changeme',6,'hgrabow@parkwayschools.net'),(1076,'Guilfoyle','Brian','Mr.',0,'../Images/DefaultStaff.jpg','changeme',5,'bguilfoyle@parkwayschools.net'),(1077,'Haley','Colleen','Ms.',0,'../Images/DefaultStaff.jpg','changeme',3,'chaley@parkwayschools.net'),(1078,'Halteman','Rick','Mr.',0,'../Images/DefaultStaff.jpg','changeme',2,'rhalteman@parkwayschools.net'),(1079,'Herberger','Keith','Mr.',0,'../Images/DefaultStaff.jpg','changeme',8,'kherberger@parkwayschools.net'),(1080,'Hoormann','Melissa','Mrs.',0,'../Images/DefaultStaff.jpg','changeme',2,'mhoormann@parkwayschools.net'),(1081,'Hoover','Doug','Mr.',0,'../Images/DefaultStaff.jpg','changeme',5,'jhoover@parkwayschools.net'),(1082,'Jafari','David','Mr.',0,'../Images/DefaultStaff.jpg','changeme',5,'djafari1@parkwayschools.net'),(1083,'Johnson','Lee','Mr.',0,'../Images/DefaultStaff.jpg','changeme',4,'ljohnson3@parkwayschools.net'),(1084,'Karfs','Beth','Ms.',0,'../Images/DefaultStaff.jpg','changeme',4,'bkarfs@parkwayschools.net'),(1085,'Kazanecki','Thomas','Mr.',0,'../Images/DefaultStaff.jpg','changeme',4,'tkazanecki@parkwayschools.net'),(1086,'Keating','Christy','Ms.',0,'../Images/DefaultStaff.jpg','changeme',7,'ckeating@parkwayschools.net'),(1087,'Keller','Sue','Mrs.',0,'../Images/DefaultStaff.jpg','changeme',11,'skeller@parkwayschools.net'),(1088,'Kelley','Shana','Ms.',0,'../Images/DefaultStaff.jpg','changeme',4,'skelley1@parkwayschools.net'),(1089,'Kelty','Dan','Mr.',0,'../Images/DefaultStaff.jpg','changeme',7,'dkelty@parkwayschools.net'),(1090,'Kim','Skylar','Mrs.',0,'../Images/DefaultStaff.jpg','changeme',8,'skim1@parkwayschools.net'),(1091,'King','Ryan','Mr.',0,'../Images/DefaultStaff.jpg','changeme',12,'jking3@parkwayschools.net'),(1092,'King','Ryan','Mr.',0,'../Images/DefaultStaff.jpg','changeme',4,'jking3@parkwayschools.net'),(1093,'King','Susan','Dr.',0,'../Images/DefaultStaff.jpg','changeme',8,'sueking@parkwayschools.net'),(1094,'Kirby','Rick','Mr.',0,'../Images/DefaultStaff.jpg','changeme',4,'rkirby@parkwayschools.net'),(1095,'Krone','Cynthia','Mrs.',0,'../Images/DefaultStaff.jpg','changeme',3,'ckrone@parkwayschools.net'),(1096,'Lehmann','Kurt','Mr.',0,'../Images/DefaultStaff.jpg','changeme',2,'klehmann@parkwayschools.net'),(1097,'Loomis','Anilise','Mrs.',0,'../Images/DefaultStaff.jpg','changeme',3,'aloomis@parkwayschools.net'),(1098,'Lovera','Jason','Mr.',0,'../Images/DefaultStaff.jpg','changeme',3,'jlovera@parkwayschools.net'),(1099,'Lueken','Sarah','Ms.',0,'../Images/DefaultStaff.jpg','changeme',12,'slueken@parkwayschools.net'),(1100,'Maloney','Cassandra','Ms.',0,'../Images/DefaultStaff.jpg','changeme',12,'cmaloney@parkwayschools.net'),(1101,'Merriman','Hannah','Mrs.',0,'../Images/DefaultStaff.jpg','changeme',2,'hmerriman@parkwayschools.net'),(1102,'Metropoulos','Kembra','Ms.',0,'../Images/DefaultStaff.jpg','changeme',3,'kmetropoulos@parkwayschools.net'),(1103,'Meyer','Jennifer','Ms.',0,'../Images/DefaultStaff.jpg','changeme',4,'jmeyer3@parkwayschools.net'),(1104,'Meyer','Meghan','Ms.',0,'../Images/DefaultStaff.jpg','changeme',11,'mmeyer@parkwayschools.net'),(1105,'Michael','Laura','Mrs.',0,'../Images/DefaultStaff.jpg','changeme',3,'lmichael@parkwayschools.net'),(1106,'Mueller','Aaron','Mr.',0,'../Images/DefaultStaff.jpg','changeme',11,'amueller@parkwayschools.net'),(1107,'Mueller','Ron','Mr.',0,'../Images/DefaultStaff.jpg','changeme',7,'rmueller@parkwayschools.net'),(1108,'O\'Leary','Terri','Ms.',0,'../Images/DefaultStaff.jpg','changeme',11,'toleary@parkwayschools.net'),(1109,'Pannett','Todd','Mr.',0,'../Images/DefaultStaff.jpg','changeme',12,'tpannett@parkwayschools.net'),(1110,'Papulis','Peter','Mr.',0,'../Images/DefaultStaff.jpg','changeme',2,'ppapulis@parkwayschools.net'),(1111,'Patton','Joni','Mrs.',0,'../Images/DefaultStaff.jpg','changeme',8,'jpatton1@parkwayschools.net'),(1112,'Perez','Annie','Ms.',0,'../Images/DefaultStaff.jpg','changeme',7,'aperez1@parkwayschools.net'),(1113,'Piening','Mary','Ms.',0,'../Images/DefaultStaff.jpg','changeme',12,'mpiening@parkwayschools.net'),(1114,'Pikaard','Matt','Mr.',0,'../Images/DefaultStaff.jpg','changeme',7,'mpikaard@parkwayschools.net'),(1115,'Poole','Cameron','Mr.',0,'../Images/DefaultStaff.jpg','changeme',8,'cpoole@parkwayschools.net'),(1116,'Ream','Kristin','Mrs.',0,'../Images/DefaultStaff.jpg','changeme',4,'kream@parkwayschools.net'),(1117,'Reeves','Sarah','Ms.',0,'../Images/DefaultStaff.jpg','changeme',2,'sreeves1@parkwayschools.net'),(1118,'Robertson','Brad','Mr.',0,'../Images/DefaultStaff.jpg','changeme',8,'brobertson1@parkwayschools.net'),(1119,'Rudolph','Mattie','Ms.',0,'../Images/DefaultStaff.jpg','changeme',3,'mrudolph@parkwayschools.net'),(1120,'Ruizdelarbol','Maureen','Mrs.',0,'../Images/DefaultStaff.jpg','changeme',7,'mruizdelarbol@parkwayschools.net'),(1121,'Schaefer','Tom','Mr.',0,'../Images/DefaultStaff.jpg','changeme',2,'tschaefer@parkwayschools.net'),(1122,'Schaefer','Christian','Mr.',0,'../Images/DefaultStaff.jpg','changeme',3,'cschaeffer@parkwayschools.net'),(1123,'Schwent','Karen','Mrs.',0,'../Images/DefaultStaff.jpg','changeme',12,'kschwent@parkwayschools.net'),(1124,'Sellers','Thomas','Mr.',0,'../Images/DefaultStaff.jpg','changeme',8,'tsellers@parkwayschools.net'),(1125,'Silvermintz','Ben','Mr.',0,'../Images/DefaultStaff.jpg','changeme',5,'bsilvermintz@parkwayschools.net'),(1126,'Staszcuk','Christie','Ms.',0,'../Images/DefaultStaff.jpg','changeme',7,'cstaszcuk@parkwayschools.net'),(1127,'Stout','Christopher','Mr.',0,'../Images/DefaultStaff.jpg','changeme',3,'cstout@parkwayschools.net'),(1128,'Stricker','Christine','Ms.',0,'../Images/DefaultStaff.jpg','changeme',3,'cstricker@parkwayschools.net'),(1129,'Trecker','Linda','Ms.',0,'../Images/DefaultStaff.jpg','changeme',6,'ltrecker@parkwayschools.net'),(1130,'Turnage','Lori','Ms.',0,'../Images/DefaultStaff.jpg','changeme',7,'lturnage@parkwayschools.net'),(1131,'Voss','Nicole','Mrs.',0,'../Images/DefaultStaff.jpg','changeme',5,'nvoss@parkwayschools.net'),(1132,'Weindel','Julie','Mrs.',0,'../Images/DefaultStaff.jpg','changeme',12,'jweindel@parkwayschools.net'),(1133,'Williamson','Andrea','Mrs.',0,'../Images/DefaultStaff.jpg','changeme',7,'awilliamson@parkwayschools.net'),(1134,'Wilson','Nathan','Mr.',0,'../Images/DefaultStaff.jpg','changeme',2,'nwilson@parkwayschools.net'),(1135,'Wright','Michael','Mr.',0,'../Images/DefaultStaff.jpg','changeme',11,'mwright@parkwayschools.net');
/*!40000 ALTER TABLE `Staff` ENABLE KEYS */;
UNLOCK TABLES;

--
-- Table structure for table `Student`
--

DROP TABLE IF EXISTS `Student`;
/*!40101 SET @saved_cs_client     = @@character_set_client */;
/*!40101 SET character_set_client = utf8 */;
CREATE TABLE `Student` (
  `Student_Id` int(11) NOT NULL AUTO_INCREMENT,
  `First_Name` varchar(30) NOT NULL,
  `Last_Name` varchar(30) NOT NULL,
  `Email` varchar(40) NOT NULL,
  `Password` varchar(30) NOT NULL,
  PRIMARY KEY (`Student_Id`)
) ENGINE=InnoDB DEFAULT CHARSET=latin1;
/*!40101 SET character_set_client = @saved_cs_client */;

--
-- Dumping data for table `Student`
--

LOCK TABLES `Student` WRITE;
/*!40000 ALTER TABLE `Student` DISABLE KEYS */;
/*!40000 ALTER TABLE `Student` ENABLE KEYS */;
UNLOCK TABLES;

--
-- Table structure for table `Student_Schedule`
--

DROP TABLE IF EXISTS `Student_Schedule`;
/*!40101 SET @saved_cs_client     = @@character_set_client */;
/*!40101 SET character_set_client = utf8 */;
CREATE TABLE `Student_Schedule` (
  `Schedule_Id` int(11) NOT NULL,
  `Session_Id1` int(11) NOT NULL,
  `Session_Id2` int(11) NOT NULL,
  `Session_Id3` int(11) NOT NULL,
  `Session_Id4` int(11) NOT NULL,
  `Session_Id5` int(11) NOT NULL,
  `Session_Id6` int(11) NOT NULL,
  `Session_Id7` int(11) NOT NULL,
  `Session_Id8` int(11) NOT NULL,
  `Session_Id9` int(11) DEFAULT NULL,
  `Session_Id10` int(11) DEFAULT NULL,
  `Student_Id` int(11) NOT NULL,
  PRIMARY KEY (`Schedule_Id`),
  KEY `Session_Id1` (`Session_Id1`),
  KEY `Session_Id2` (`Session_Id2`),
  KEY `Session_Id3` (`Session_Id3`),
  KEY `Session_Id4` (`Session_Id4`),
  KEY `Session_Id5` (`Session_Id5`),
  KEY `Session_Id6` (`Session_Id6`),
  KEY `Session_Id7` (`Session_Id7`),
  KEY `Session_Id8` (`Session_Id8`),
  KEY `Student_Id` (`Student_Id`),
  CONSTRAINT `Student_Schedule_ibfk_1` FOREIGN KEY (`Session_Id1`) REFERENCES `Session` (`Session_Id`),
  CONSTRAINT `Student_Schedule_ibfk_2` FOREIGN KEY (`Session_Id2`) REFERENCES `Session` (`Session_Id`),
  CONSTRAINT `Student_Schedule_ibfk_3` FOREIGN KEY (`Session_Id3`) REFERENCES `Session` (`Session_Id`),
  CONSTRAINT `Student_Schedule_ibfk_4` FOREIGN KEY (`Session_Id4`) REFERENCES `Session` (`Session_Id`),
  CONSTRAINT `Student_Schedule_ibfk_5` FOREIGN KEY (`Session_Id5`) REFERENCES `Session` (`Session_Id`),
  CONSTRAINT `Student_Schedule_ibfk_6` FOREIGN KEY (`Session_Id6`) REFERENCES `Session` (`Session_Id`),
  CONSTRAINT `Student_Schedule_ibfk_7` FOREIGN KEY (`Session_Id7`) REFERENCES `Session` (`Session_Id`),
  CONSTRAINT `Student_Schedule_ibfk_8` FOREIGN KEY (`Session_Id8`) REFERENCES `Session` (`Session_Id`),
  CONSTRAINT `Student_Schedule_ibfk_9` FOREIGN KEY (`Student_Id`) REFERENCES `Student` (`Student_Id`)
) ENGINE=InnoDB DEFAULT CHARSET=latin1;
/*!40101 SET character_set_client = @saved_cs_client */;

--
-- Dumping data for table `Student_Schedule`
--

LOCK TABLES `Student_Schedule` WRITE;
/*!40000 ALTER TABLE `Student_Schedule` DISABLE KEYS */;
/*!40000 ALTER TABLE `Student_Schedule` ENABLE KEYS */;
UNLOCK TABLES;
/*!40103 SET TIME_ZONE=@OLD_TIME_ZONE */;

/*!40101 SET SQL_MODE=@OLD_SQL_MODE */;
/*!40014 SET FOREIGN_KEY_CHECKS=@OLD_FOREIGN_KEY_CHECKS */;
/*!40014 SET UNIQUE_CHECKS=@OLD_UNIQUE_CHECKS */;
/*!40101 SET CHARACTER_SET_CLIENT=@OLD_CHARACTER_SET_CLIENT */;
/*!40101 SET CHARACTER_SET_RESULTS=@OLD_CHARACTER_SET_RESULTS */;
/*!40101 SET COLLATION_CONNECTION=@OLD_COLLATION_CONNECTION */;
/*!40111 SET SQL_NOTES=@OLD_SQL_NOTES */;

-- Dump completed on 2018-02-04  0:48:01
